"","TRIAL","START.DATE","END.DATE","SITE","TREATMENT","TRAP","SPECIES","START.SEEDS","END.SEEDS","NOTES","SEEDS.RM","INTERVAL","TRIAL.LENGTH","SEEDS.RM.RATE","SEEDS.RM.PROP"
"1",1,2020-04-06,2020-05-04,4,"B","A","SIAL",10,5,"",5,2020-04-06 UTC--2020-05-04 UTC,28,0.178571428571429,0.5
"2",1,2020-04-06,2020-05-04,4,"B","A","HEAN",10,3,"",7,2020-04-06 UTC--2020-05-04 UTC,28,0.25,0.7
"3",1,2020-04-06,2020-05-04,4,"B","A","CAAN",10,4,"",6,2020-04-06 UTC--2020-05-04 UTC,28,0.214285714285714,0.6
"4",1,2020-04-06,2020-05-04,4,"B","B","SIAL",10,0,"",10,2020-04-06 UTC--2020-05-04 UTC,28,0.357142857142857,1
"5",1,2020-04-06,2020-05-04,4,"B","B","HEAN",10,0,"",10,2020-04-06 UTC--2020-05-04 UTC,28,0.357142857142857,1
"6",1,2020-04-06,2020-05-04,4,"B","B","CAAN",10,0,"",10,2020-04-06 UTC--2020-05-04 UTC,28,0.357142857142857,1
"7",1,2020-04-06,2020-05-04,4,"B","C","SIAL",10,0,"",10,2020-04-06 UTC--2020-05-04 UTC,28,0.357142857142857,1
"8",1,2020-04-06,2020-05-04,4,"B","C","HEAN",10,0,"",10,2020-04-06 UTC--2020-05-04 UTC,28,0.357142857142857,1
"9",1,2020-04-06,2020-05-04,4,"B","C","CAAN",10,0,"",10,2020-04-06 UTC--2020-05-04 UTC,28,0.357142857142857,1
"10",1,2020-04-06,2020-05-04,4,"C","A","SIAL",10,7,"",3,2020-04-06 UTC--2020-05-04 UTC,28,0.107142857142857,0.3
"11",1,2020-04-06,2020-05-04,4,"C","A","HEAN",10,8,"",2,2020-04-06 UTC--2020-05-04 UTC,28,0.0714285714285714,0.2
"12",1,2020-04-06,2020-05-04,4,"C","A","CAAN",10,6,"",4,2020-04-06 UTC--2020-05-04 UTC,28,0.142857142857143,0.4
"13",1,2020-04-06,2020-05-04,4,"C","B","SIAL",10,3,"",7,2020-04-06 UTC--2020-05-04 UTC,28,0.25,0.7
"14",1,2020-04-06,2020-05-04,4,"C","B","HEAN",10,8,"",2,2020-04-06 UTC--2020-05-04 UTC,28,0.0714285714285714,0.2
"15",1,2020-04-06,2020-05-04,4,"C","B","CAAN",10,6,"",4,2020-04-06 UTC--2020-05-04 UTC,28,0.142857142857143,0.4
"16",1,2020-04-06,2020-05-04,4,"C","C","SIAL",10,3,"",7,2020-04-06 UTC--2020-05-04 UTC,28,0.25,0.7
"17",1,2020-04-06,2020-05-04,4,"C","C","HEAN",10,10,"",0,2020-04-06 UTC--2020-05-04 UTC,28,0,0
"18",1,2020-04-06,2020-05-04,4,"C","C","CAAN",10,3,"",7,2020-04-06 UTC--2020-05-04 UTC,28,0.25,0.7
"19",1,2020-04-06,2020-04-15,8,"B","A","SIAL",10,0,"",10,2020-04-06 UTC--2020-04-15 UTC,9,1.11111111111111,1
"20",1,2020-04-06,2020-04-15,8,"B","A","HEAN",10,0,"",10,2020-04-06 UTC--2020-04-15 UTC,9,1.11111111111111,1
"21",1,2020-04-06,2020-04-15,8,"B","A","CAAN",10,0,"",10,2020-04-06 UTC--2020-04-15 UTC,9,1.11111111111111,1
"22",1,2020-04-06,2020-04-15,8,"B","B","SIAL",10,2,"",8,2020-04-06 UTC--2020-04-15 UTC,9,0.888888888888889,0.8
"23",1,2020-04-06,2020-04-15,8,"B","B","HEAN",10,0,"",10,2020-04-06 UTC--2020-04-15 UTC,9,1.11111111111111,1
"24",1,2020-04-06,2020-04-15,8,"B","B","CAAN",10,0,"",10,2020-04-06 UTC--2020-04-15 UTC,9,1.11111111111111,1
"25",1,2020-04-06,2020-04-15,8,"B","C","SIAL",10,5,"",5,2020-04-06 UTC--2020-04-15 UTC,9,0.555555555555556,0.5
"26",1,2020-04-06,2020-04-15,8,"B","C","HEAN",10,7,"",3,2020-04-06 UTC--2020-04-15 UTC,9,0.333333333333333,0.3
"27",1,2020-04-06,2020-04-15,8,"B","C","CAAN",10,5,"",5,2020-04-06 UTC--2020-04-15 UTC,9,0.555555555555556,0.5
"28",1,2020-04-06,2020-04-15,8,"C","A","SIAL",10,6,"",4,2020-04-06 UTC--2020-04-15 UTC,9,0.444444444444444,0.4
"29",1,2020-04-06,2020-04-15,8,"C","A","HEAN",10,9,"",1,2020-04-06 UTC--2020-04-15 UTC,9,0.111111111111111,0.1
"30",1,2020-04-06,2020-04-15,8,"C","A","CAAN",10,8,"",2,2020-04-06 UTC--2020-04-15 UTC,9,0.222222222222222,0.2
"31",1,2020-04-06,2020-04-15,8,"C","B","SIAL",10,7,"",3,2020-04-06 UTC--2020-04-15 UTC,9,0.333333333333333,0.3
"32",1,2020-04-06,2020-04-15,8,"C","B","HEAN",10,6,"",4,2020-04-06 UTC--2020-04-15 UTC,9,0.444444444444444,0.4
"33",1,2020-04-06,2020-04-15,8,"C","B","CAAN",10,5,"",5,2020-04-06 UTC--2020-04-15 UTC,9,0.555555555555556,0.5
"34",1,2020-04-06,2020-04-15,8,"C","C","SIAL",10,7,"",3,2020-04-06 UTC--2020-04-15 UTC,9,0.333333333333333,0.3
"35",1,2020-04-06,2020-04-15,8,"C","C","HEAN",10,6,"",4,2020-04-06 UTC--2020-04-15 UTC,9,0.444444444444444,0.4
"36",1,2020-04-06,2020-04-15,8,"C","C","CAAN",10,4,"",6,2020-04-06 UTC--2020-04-15 UTC,9,0.666666666666667,0.6
"37",1,2020-04-07,2020-04-15,1,"B","A","SIAL",10,0,"",10,2020-04-07 UTC--2020-04-15 UTC,8,1.25,1
"38",1,2020-04-07,2020-04-15,1,"B","A","HEAN",10,0,"",10,2020-04-07 UTC--2020-04-15 UTC,8,1.25,1
"39",1,2020-04-07,2020-04-15,1,"B","A","CAAN",10,0,"",10,2020-04-07 UTC--2020-04-15 UTC,8,1.25,1
"40",1,2020-04-15,2020-04-30,1,"B","B","SIAL",10,0,"",10,2020-04-15 UTC--2020-04-30 UTC,15,0.666666666666667,1
"41",1,2020-04-15,2020-04-30,1,"B","B","HEAN",10,0,"",10,2020-04-15 UTC--2020-04-30 UTC,15,0.666666666666667,1
"42",1,2020-04-15,2020-04-30,1,"B","B","CAAN",10,0,"",10,2020-04-15 UTC--2020-04-30 UTC,15,0.666666666666667,1
"43",1,2020-04-15,2020-04-30,1,"B","C","SIAL",10,4,"",6,2020-04-15 UTC--2020-04-30 UTC,15,0.4,0.6
"44",1,2020-04-15,2020-04-30,1,"B","C","HEAN",10,1,"",9,2020-04-15 UTC--2020-04-30 UTC,15,0.6,0.9
"45",1,2020-04-15,2020-04-30,1,"B","C","CAAN",10,0,"",10,2020-04-15 UTC--2020-04-30 UTC,15,0.666666666666667,1
"46",1,2020-04-07,2020-04-15,1,"C","A","SIAL",10,NA,"seed trap blown over",NA,2020-04-07 UTC--2020-04-15 UTC,8,NA,NA
"47",1,2020-04-07,2020-04-15,1,"C","A","HEAN",10,NA,"seed trap blown over",NA,2020-04-07 UTC--2020-04-15 UTC,8,NA,NA
"48",1,2020-04-07,2020-04-15,1,"C","A","CAAN",10,NA,"seed trap blown over",NA,2020-04-07 UTC--2020-04-15 UTC,8,NA,NA
"49",1,2020-04-07,2020-04-15,1,"C","B","SIAL",10,NA,"seed trap blown over",NA,2020-04-07 UTC--2020-04-15 UTC,8,NA,NA
"50",1,2020-04-07,2020-04-15,1,"C","B","HEAN",10,NA,"seed trap blown over",NA,2020-04-07 UTC--2020-04-15 UTC,8,NA,NA
"51",1,2020-04-07,2020-04-15,1,"C","B","CAAN",10,NA,"seed trap blown over",NA,2020-04-07 UTC--2020-04-15 UTC,8,NA,NA
"52",1,2020-04-07,2020-04-15,1,"C","C","SIAL",10,NA,"seed trap blown over",NA,2020-04-07 UTC--2020-04-15 UTC,8,NA,NA
"53",1,2020-04-07,2020-04-15,1,"C","C","HEAN",10,NA,"seed trap blown over",NA,2020-04-07 UTC--2020-04-15 UTC,8,NA,NA
"54",1,2020-04-07,2020-04-15,1,"C","C","CAAN",10,NA,"seed trap blown over",NA,2020-04-07 UTC--2020-04-15 UTC,8,NA,NA
"55",1,2020-04-07,2020-04-15,6,"B","A","SIAL",10,9,"",1,2020-04-07 UTC--2020-04-15 UTC,8,0.125,0.1
"56",1,2020-04-07,2020-04-15,6,"B","A","HEAN",10,6,"",4,2020-04-07 UTC--2020-04-15 UTC,8,0.5,0.4
"57",1,2020-04-07,2020-04-15,6,"B","A","CAAN",10,8,"",2,2020-04-07 UTC--2020-04-15 UTC,8,0.25,0.2
"58",1,2020-04-07,2020-04-15,6,"B","B","SIAL",10,9,"",1,2020-04-07 UTC--2020-04-15 UTC,8,0.125,0.1
"59",1,2020-04-07,2020-04-15,6,"B","B","HEAN",10,10,"",0,2020-04-07 UTC--2020-04-15 UTC,8,0,0
"60",1,2020-04-07,2020-04-15,6,"B","B","CAAN",10,9,"",1,2020-04-07 UTC--2020-04-15 UTC,8,0.125,0.1
"61",1,2020-04-07,2020-04-15,6,"B","C","SIAL",10,2,"",8,2020-04-07 UTC--2020-04-15 UTC,8,1,0.8
"62",1,2020-04-07,2020-04-15,6,"B","C","HEAN",10,10,"",0,2020-04-07 UTC--2020-04-15 UTC,8,0,0
"63",1,2020-04-07,2020-04-15,6,"B","C","CAAN",10,8,"",2,2020-04-07 UTC--2020-04-15 UTC,8,0.25,0.2
"64",1,2020-04-07,2020-04-15,6,"C","A","SIAL",10,9,"",1,2020-04-07 UTC--2020-04-15 UTC,8,0.125,0.1
"65",1,2020-04-07,2020-04-15,6,"C","A","HEAN",10,10,"",0,2020-04-07 UTC--2020-04-15 UTC,8,0,0
"66",1,2020-04-07,2020-04-15,6,"C","A","CAAN",10,10,"",0,2020-04-07 UTC--2020-04-15 UTC,8,0,0
"67",1,2020-04-07,2020-04-15,6,"C","B","SIAL",10,3,"",7,2020-04-07 UTC--2020-04-15 UTC,8,0.875,0.7
"68",1,2020-04-07,2020-04-15,6,"C","B","HEAN",10,6,"",4,2020-04-07 UTC--2020-04-15 UTC,8,0.5,0.4
"69",1,2020-04-07,2020-04-15,6,"C","B","CAAN",10,4,"",6,2020-04-07 UTC--2020-04-15 UTC,8,0.75,0.6
"70",1,2020-04-07,2020-04-15,6,"C","C","SIAL",10,8,"",2,2020-04-07 UTC--2020-04-15 UTC,8,0.25,0.2
"71",1,2020-04-07,2020-04-15,6,"C","C","HEAN",10,9,"",1,2020-04-07 UTC--2020-04-15 UTC,8,0.125,0.1
"72",1,2020-04-07,2020-04-15,6,"C","C","CAAN",10,9,"",1,2020-04-07 UTC--2020-04-15 UTC,8,0.125,0.1
"73",1,2020-04-07,2020-04-15,7,"C","A","SIAL",10,1,"",9,2020-04-07 UTC--2020-04-15 UTC,8,1.125,0.9
"74",1,2020-04-07,2020-04-15,7,"C","A","HEAN",10,0,"",10,2020-04-07 UTC--2020-04-15 UTC,8,1.25,1
"75",1,2020-04-07,2020-04-15,7,"C","A","CAAN",10,0,"",10,2020-04-07 UTC--2020-04-15 UTC,8,1.25,1
"76",1,2020-04-07,2020-04-15,7,"C","C","SIAL",10,10,"",0,2020-04-07 UTC--2020-04-15 UTC,8,0,0
"77",1,2020-04-07,2020-04-15,7,"C","C","HEAN",10,10,"",0,2020-04-07 UTC--2020-04-15 UTC,8,0,0
"78",1,2020-04-07,2020-04-15,7,"C","C","CAAN",10,7,"",3,2020-04-07 UTC--2020-04-15 UTC,8,0.375,0.3
"79",1,2020-04-15,2020-05-04,7,"B","A","SIAL",10,7,"",3,2020-04-15 UTC--2020-05-04 UTC,19,0.157894736842105,0.3
"80",1,2020-04-15,2020-05-04,7,"B","A","HEAN",10,7,"",3,2020-04-15 UTC--2020-05-04 UTC,19,0.157894736842105,0.3
"81",1,2020-04-15,2020-05-04,7,"B","A","CAAN",10,5,"",5,2020-04-15 UTC--2020-05-04 UTC,19,0.263157894736842,0.5
"82",1,2020-04-15,2020-05-04,7,"B","B","SIAL",10,6,"",4,2020-04-15 UTC--2020-05-04 UTC,19,0.210526315789474,0.4
"83",1,2020-04-15,2020-05-04,7,"B","B","HEAN",10,9,"",1,2020-04-15 UTC--2020-05-04 UTC,19,0.0526315789473684,0.1
"84",1,2020-04-15,2020-05-04,7,"B","B","CAAN",10,8,"",2,2020-04-15 UTC--2020-05-04 UTC,19,0.105263157894737,0.2
"85",1,2020-04-15,2020-05-04,7,"B","C","SIAL",10,8,"",2,2020-04-15 UTC--2020-05-04 UTC,19,0.105263157894737,0.2
"86",1,2020-04-15,2020-05-04,7,"B","C","HEAN",10,3,"",7,2020-04-15 UTC--2020-05-04 UTC,19,0.368421052631579,0.7
"87",1,2020-04-15,2020-05-04,7,"B","C","CAAN",10,2,"",8,2020-04-15 UTC--2020-05-04 UTC,19,0.421052631578947,0.8
"88",1,2020-04-15,2020-05-04,7,"C","B","SIAL",10,10,"",0,2020-04-15 UTC--2020-05-04 UTC,19,0,0
"89",1,2020-04-15,2020-05-04,7,"C","B","HEAN",10,10,"",0,2020-04-15 UTC--2020-05-04 UTC,19,0,0
"90",1,2020-04-15,2020-05-04,7,"C","B","CAAN",10,10,"",0,2020-04-15 UTC--2020-05-04 UTC,19,0,0
"91",2,2020-04-30,2020-05-12,1,"C","A","SIAL",10,9,"",1,2020-04-30 UTC--2020-05-12 UTC,12,0.0833333333333333,0.1
"92",2,2020-04-30,2020-05-12,1,"C","A","HEAN",10,8,"",2,2020-04-30 UTC--2020-05-12 UTC,12,0.166666666666667,0.2
"93",2,2020-04-30,2020-05-12,1,"C","A","CAAN",10,9,"",1,2020-04-30 UTC--2020-05-12 UTC,12,0.0833333333333333,0.1
"94",2,2020-04-30,2020-05-12,1,"C","B","SIAL",10,0,"",10,2020-04-30 UTC--2020-05-12 UTC,12,0.833333333333333,1
"95",2,2020-04-30,2020-05-12,1,"C","B","HEAN",10,2,"",8,2020-04-30 UTC--2020-05-12 UTC,12,0.666666666666667,0.8
"96",2,2020-04-30,2020-05-12,1,"C","B","CAAN",10,9,"",1,2020-04-30 UTC--2020-05-12 UTC,12,0.0833333333333333,0.1
"97",2,2020-04-30,2020-05-12,1,"C","C","SIAL",10,2,"",8,2020-04-30 UTC--2020-05-12 UTC,12,0.666666666666667,0.8
"98",2,2020-04-30,2020-05-12,1,"C","C","HEAN",10,8,"",2,2020-04-30 UTC--2020-05-12 UTC,12,0.166666666666667,0.2
"99",2,2020-04-30,2020-05-12,1,"C","C","CAAN",10,7,"",3,2020-04-30 UTC--2020-05-12 UTC,12,0.25,0.3
"100",2,2020-04-15,2020-05-04,6,"B","A","SIAL",10,5,"",5,2020-04-15 UTC--2020-05-04 UTC,19,0.263157894736842,0.5
"101",2,2020-04-15,2020-05-04,6,"B","A","HEAN",10,5,"",5,2020-04-15 UTC--2020-05-04 UTC,19,0.263157894736842,0.5
"102",2,2020-04-15,2020-05-04,6,"B","A","CAAN",10,6,"",4,2020-04-15 UTC--2020-05-04 UTC,19,0.210526315789474,0.4
"103",2,2020-04-15,2020-05-04,6,"B","C","SIAL",10,2,"",8,2020-04-15 UTC--2020-05-04 UTC,19,0.421052631578947,0.8
"104",2,2020-04-15,2020-05-04,6,"B","C","HEAN",10,0,"",10,2020-04-15 UTC--2020-05-04 UTC,19,0.526315789473684,1
"105",2,2020-04-15,2020-05-04,6,"B","C","CAAN",10,1,"",9,2020-04-15 UTC--2020-05-04 UTC,19,0.473684210526316,0.9
"106",2,2020-04-15,2020-05-04,6,"C","A","SIAL",10,4,"",6,2020-04-15 UTC--2020-05-04 UTC,19,0.315789473684211,0.6
"107",2,2020-04-15,2020-05-04,6,"C","A","HEAN",10,10,"",0,2020-04-15 UTC--2020-05-04 UTC,19,0,0
"108",2,2020-04-15,2020-05-04,6,"C","A","CAAN",10,9,"",1,2020-04-15 UTC--2020-05-04 UTC,19,0.0526315789473684,0.1
"109",2,2020-04-15,2020-05-04,6,"C","B","SIAL",10,0,"",10,2020-04-15 UTC--2020-05-04 UTC,19,0.526315789473684,1
"110",2,2020-04-15,2020-05-04,6,"C","B","HEAN",10,0,"",10,2020-04-15 UTC--2020-05-04 UTC,19,0.526315789473684,1
"111",2,2020-04-15,2020-05-04,6,"C","B","CAAN",10,0,"",10,2020-04-15 UTC--2020-05-04 UTC,19,0.526315789473684,1
"112",2,2020-04-15,2020-05-04,6,"C","C","SIAL",10,7,"",3,2020-04-15 UTC--2020-05-04 UTC,19,0.157894736842105,0.3
"113",2,2020-04-15,2020-05-04,6,"C","C","HEAN",10,4,"",6,2020-04-15 UTC--2020-05-04 UTC,19,0.315789473684211,0.6
"114",2,2020-04-15,2020-05-04,6,"C","C","CAAN",10,3,"",7,2020-04-15 UTC--2020-05-04 UTC,19,0.368421052631579,0.7
"115",2,2020-04-15,2020-05-04,7,"C","A","SIAL",10,8,"",2,2020-04-15 UTC--2020-05-04 UTC,19,0.105263157894737,0.2
"116",2,2020-04-15,2020-05-04,7,"C","A","HEAN",10,6,"",4,2020-04-15 UTC--2020-05-04 UTC,19,0.210526315789474,0.4
"117",2,2020-04-15,2020-05-04,7,"C","A","CAAN",10,2,"",8,2020-04-15 UTC--2020-05-04 UTC,19,0.421052631578947,0.8
"118",2,2020-04-15,2020-05-04,7,"C","C","SIAL",10,8,"",2,2020-04-15 UTC--2020-05-04 UTC,19,0.105263157894737,0.2
"119",2,2020-04-15,2020-05-04,7,"C","C","HEAN",10,6,"",4,2020-04-15 UTC--2020-05-04 UTC,19,0.210526315789474,0.4
"120",2,2020-04-15,2020-05-04,7,"C","C","CAAN",10,2,"",8,2020-04-15 UTC--2020-05-04 UTC,19,0.421052631578947,0.8
"121",2,2020-04-15,2020-05-04,8,"B","A","SIAL",10,0,"",10,2020-04-15 UTC--2020-05-04 UTC,19,0.526315789473684,1
"122",2,2020-04-15,2020-05-04,8,"B","A","HEAN",10,0,"",10,2020-04-15 UTC--2020-05-04 UTC,19,0.526315789473684,1
"123",2,2020-04-15,2020-05-04,8,"B","A","CAAN",10,0,"",10,2020-04-15 UTC--2020-05-04 UTC,19,0.526315789473684,1
"124",2,2020-04-15,2020-05-04,8,"B","B","SIAL",10,2,"",8,2020-04-15 UTC--2020-05-04 UTC,19,0.421052631578947,0.8
"125",2,2020-04-15,2020-05-04,8,"B","B","HEAN",10,0,"",10,2020-04-15 UTC--2020-05-04 UTC,19,0.526315789473684,1
"126",2,2020-04-15,2020-05-04,8,"B","B","CAAN",10,0,"",10,2020-04-15 UTC--2020-05-04 UTC,19,0.526315789473684,1
"127",2,2020-04-15,2020-05-04,8,"B","C","SIAL",10,4,"",6,2020-04-15 UTC--2020-05-04 UTC,19,0.315789473684211,0.6
"128",2,2020-04-15,2020-05-04,8,"B","C","HEAN",10,7,"",3,2020-04-15 UTC--2020-05-04 UTC,19,0.157894736842105,0.3
"129",2,2020-04-15,2020-05-04,8,"B","C","CAAN",10,4,"",6,2020-04-15 UTC--2020-05-04 UTC,19,0.315789473684211,0.6
"130",2,2020-04-15,2020-05-04,8,"C","A","SIAL",10,5,"",5,2020-04-15 UTC--2020-05-04 UTC,19,0.263157894736842,0.5
"131",2,2020-04-15,2020-05-04,8,"C","A","HEAN",10,1,"",9,2020-04-15 UTC--2020-05-04 UTC,19,0.473684210526316,0.9
"132",2,2020-04-15,2020-05-04,8,"C","A","CAAN",10,0,"",10,2020-04-15 UTC--2020-05-04 UTC,19,0.526315789473684,1
"133",2,2020-04-15,2020-05-04,8,"C","B","SIAL",10,7,"",3,2020-04-15 UTC--2020-05-04 UTC,19,0.157894736842105,0.3
"134",2,2020-04-15,2020-05-04,8,"C","B","HEAN",10,6,"",4,2020-04-15 UTC--2020-05-04 UTC,19,0.210526315789474,0.4
"135",2,2020-04-15,2020-05-04,8,"C","B","CAAN",10,4,"",6,2020-04-15 UTC--2020-05-04 UTC,19,0.315789473684211,0.6
"136",2,2020-04-15,2020-05-04,8,"C","C","SIAL",10,2,"",8,2020-04-15 UTC--2020-05-04 UTC,19,0.421052631578947,0.8
"137",2,2020-04-15,2020-05-04,8,"C","C","HEAN",10,0,"",10,2020-04-15 UTC--2020-05-04 UTC,19,0.526315789473684,1
"138",2,2020-04-15,2020-05-04,8,"C","C","CAAN",10,0,"",10,2020-04-15 UTC--2020-05-04 UTC,19,0.526315789473684,1
"139",3,2020-05-08,2020-05-14,16,"B","A","SIAL",10,9,"",1,2020-05-08 UTC--2020-05-14 UTC,6,0.166666666666667,0.1
"140",3,2020-05-08,2020-05-14,16,"B","A","HEAN",10,10,"",0,2020-05-08 UTC--2020-05-14 UTC,6,0,0
"141",3,2020-05-08,2020-05-14,16,"B","A","CAAN",10,9,"",1,2020-05-08 UTC--2020-05-14 UTC,6,0.166666666666667,0.1
"142",3,2020-05-08,2020-05-14,16,"B","B","SIAL",10,2,"",8,2020-05-08 UTC--2020-05-14 UTC,6,1.33333333333333,0.8
"143",3,2020-05-08,2020-05-14,16,"B","B","HEAN",10,9,"",1,2020-05-08 UTC--2020-05-14 UTC,6,0.166666666666667,0.1
"144",3,2020-05-08,2020-05-14,16,"B","B","CAAN",10,7,"",3,2020-05-08 UTC--2020-05-14 UTC,6,0.5,0.3
"145",3,2020-05-08,2020-05-14,16,"B","C","SIAL",10,9,"",1,2020-05-08 UTC--2020-05-14 UTC,6,0.166666666666667,0.1
"146",3,2020-05-08,2020-05-14,16,"B","C","HEAN",10,9,"",1,2020-05-08 UTC--2020-05-14 UTC,6,0.166666666666667,0.1
"147",3,2020-05-08,2020-05-14,16,"B","C","CAAN",10,8,"",2,2020-05-08 UTC--2020-05-14 UTC,6,0.333333333333333,0.2
"148",3,2020-05-08,2020-05-14,16,"C","A","SIAL",10,8,"",2,2020-05-08 UTC--2020-05-14 UTC,6,0.333333333333333,0.2
"149",3,2020-05-08,2020-05-14,16,"C","A","HEAN",10,10,"",0,2020-05-08 UTC--2020-05-14 UTC,6,0,0
"150",3,2020-05-08,2020-05-14,16,"C","A","CAAN",10,10,"",0,2020-05-08 UTC--2020-05-14 UTC,6,0,0
"151",3,2020-05-08,2020-05-14,16,"C","B","SIAL",10,9,"",1,2020-05-08 UTC--2020-05-14 UTC,6,0.166666666666667,0.1
"152",3,2020-05-08,2020-05-14,16,"C","B","HEAN",10,10,"",0,2020-05-08 UTC--2020-05-14 UTC,6,0,0
"153",3,2020-05-08,2020-05-14,16,"C","B","CAAN",10,10,"",0,2020-05-08 UTC--2020-05-14 UTC,6,0,0
"154",3,2020-05-08,2020-05-14,16,"C","C","SIAL",10,10,"",0,2020-05-08 UTC--2020-05-14 UTC,6,0,0
"155",3,2020-05-08,2020-05-14,16,"C","C","HEAN",10,10,"",0,2020-05-08 UTC--2020-05-14 UTC,6,0,0
"156",3,2020-05-08,2020-05-12,16,"C","C","CAAN",10,9,"",1,2020-05-08 UTC--2020-05-12 UTC,4,0.25,0.1
"157",3,2020-05-08,2020-05-14,17,"B","A","SIAL",10,5,"",5,2020-05-08 UTC--2020-05-14 UTC,6,0.833333333333333,0.5
"158",3,2020-05-08,2020-05-14,17,"B","A","HEAN",10,9,"",1,2020-05-08 UTC--2020-05-14 UTC,6,0.166666666666667,0.1
"159",3,2020-05-08,2020-05-14,17,"B","A","CAAN",10,5,"",5,2020-05-08 UTC--2020-05-14 UTC,6,0.833333333333333,0.5
"160",3,2020-05-08,2020-05-14,17,"B","B","SIAL",10,7,"",3,2020-05-08 UTC--2020-05-14 UTC,6,0.5,0.3
"161",3,2020-05-08,2020-05-14,17,"B","B","HEAN",10,5,"",5,2020-05-08 UTC--2020-05-14 UTC,6,0.833333333333333,0.5
"162",3,2020-05-08,2020-05-14,17,"B","B","CAAN",10,3,"",7,2020-05-08 UTC--2020-05-14 UTC,6,1.16666666666667,0.7
"163",3,2020-05-08,2020-05-14,17,"B","C","SIAL",10,8,"",2,2020-05-08 UTC--2020-05-14 UTC,6,0.333333333333333,0.2
"164",3,2020-05-08,2020-05-14,17,"B","C","HEAN",10,10,"",0,2020-05-08 UTC--2020-05-14 UTC,6,0,0
"165",3,2020-05-08,2020-05-14,17,"B","C","CAAN",10,8,"",2,2020-05-08 UTC--2020-05-14 UTC,6,0.333333333333333,0.2
"166",3,2020-05-08,2020-05-14,17,"C","A","SIAL",10,8,"",2,2020-05-08 UTC--2020-05-14 UTC,6,0.333333333333333,0.2
"167",3,2020-05-08,2020-05-14,17,"C","A","HEAN",10,10,"",0,2020-05-08 UTC--2020-05-14 UTC,6,0,0
"168",3,2020-05-08,2020-05-14,17,"C","A","CAAN",10,8,"",2,2020-05-08 UTC--2020-05-14 UTC,6,0.333333333333333,0.2
"169",3,2020-05-08,2020-05-14,17,"C","B","SIAL",10,8,"",2,2020-05-08 UTC--2020-05-14 UTC,6,0.333333333333333,0.2
"170",3,2020-05-08,2020-05-14,17,"C","B","HEAN",10,10,"",0,2020-05-08 UTC--2020-05-14 UTC,6,0,0
"171",3,2020-05-08,2020-05-14,17,"C","B","CAAN",10,10,"",0,2020-05-08 UTC--2020-05-14 UTC,6,0,0
"172",3,2020-05-08,2020-05-14,17,"C","C","SIAL",10,10,"",0,2020-05-08 UTC--2020-05-14 UTC,6,0,0
"173",3,2020-05-08,2020-05-14,17,"C","C","HEAN",10,8,"",2,2020-05-08 UTC--2020-05-14 UTC,6,0.333333333333333,0.2
"174",3,2020-05-08,2020-05-14,17,"C","C","CAAN",10,10,"",0,2020-05-08 UTC--2020-05-14 UTC,6,0,0
"175",3,2020-05-04,2020-05-12,1,"B","A","SIAL",10,0,"",10,2020-05-04 UTC--2020-05-12 UTC,8,1.25,1
"176",3,2020-05-04,2020-05-12,1,"B","A","HEAN",10,0,"",10,2020-05-04 UTC--2020-05-12 UTC,8,1.25,1
"177",3,2020-05-04,2020-05-12,1,"B","A","CAAN",10,0,"",10,2020-05-04 UTC--2020-05-12 UTC,8,1.25,1
"178",3,2020-05-04,2020-05-12,1,"B","B","SIAL",10,0,"",10,2020-05-04 UTC--2020-05-12 UTC,8,1.25,1
"179",3,2020-05-04,2020-05-12,1,"B","B","HEAN",10,0,"",10,2020-05-04 UTC--2020-05-12 UTC,8,1.25,1
"180",3,2020-05-04,2020-05-12,1,"B","B","CAAN",10,0,"",10,2020-05-04 UTC--2020-05-12 UTC,8,1.25,1
"181",3,2020-05-04,2020-05-12,1,"B","C","SIAL",10,4,"",6,2020-05-04 UTC--2020-05-12 UTC,8,0.75,0.6
"182",3,2020-05-04,2020-05-12,1,"B","C","HEAN",10,1,"",9,2020-05-04 UTC--2020-05-12 UTC,8,1.125,0.9
"183",3,2020-05-04,2020-05-12,1,"B","C","CAAN",10,0,"",10,2020-05-04 UTC--2020-05-12 UTC,8,1.25,1
"184",3,2020-05-04,2020-05-12,4,"B","A","SIAL",10,4,"",6,2020-05-04 UTC--2020-05-12 UTC,8,0.75,0.6
"185",3,2020-05-04,2020-05-12,4,"B","A","HEAN",10,3,"",7,2020-05-04 UTC--2020-05-12 UTC,8,0.875,0.7
"186",3,2020-05-04,2020-05-12,4,"B","A","CAAN",10,4,"",6,2020-05-04 UTC--2020-05-12 UTC,8,0.75,0.6
"187",3,2020-05-04,2020-05-12,4,"B","B","SIAL",10,0,"",10,2020-05-04 UTC--2020-05-12 UTC,8,1.25,1
"188",3,2020-05-04,2020-05-12,4,"B","B","HEAN",10,0,"",10,2020-05-04 UTC--2020-05-12 UTC,8,1.25,1
"189",3,2020-05-04,2020-05-12,4,"B","B","CAAN",10,0,"",10,2020-05-04 UTC--2020-05-12 UTC,8,1.25,1
"190",3,2020-05-04,2020-05-12,4,"B","C","SIAL",10,0,"",10,2020-05-04 UTC--2020-05-12 UTC,8,1.25,1
"191",3,2020-05-04,2020-05-12,4,"B","C","HEAN",10,0,"",10,2020-05-04 UTC--2020-05-12 UTC,8,1.25,1
"192",3,2020-05-04,2020-05-12,4,"B","C","CAAN",10,0,"",10,2020-05-04 UTC--2020-05-12 UTC,8,1.25,1
"193",3,2020-05-04,2020-05-12,4,"C","A","SIAL",10,10,"",0,2020-05-04 UTC--2020-05-12 UTC,8,0,0
"194",3,2020-05-04,2020-05-12,4,"C","A","HEAN",10,10,"",0,2020-05-04 UTC--2020-05-12 UTC,8,0,0
"195",3,2020-05-04,2020-05-12,4,"C","A","CAAN",10,9,"",1,2020-05-04 UTC--2020-05-12 UTC,8,0.125,0.1
"196",3,2020-05-04,2020-05-12,4,"C","B","SIAL",10,3,"",7,2020-05-04 UTC--2020-05-12 UTC,8,0.875,0.7
"197",3,2020-05-04,2020-05-12,4,"C","B","HEAN",10,8,"",2,2020-05-04 UTC--2020-05-12 UTC,8,0.25,0.2
"198",3,2020-05-04,2020-05-12,4,"C","B","CAAN",10,8,"",2,2020-05-04 UTC--2020-05-12 UTC,8,0.25,0.2
"199",3,2020-05-04,2020-05-12,4,"C","C","SIAL",10,7,"",3,2020-05-04 UTC--2020-05-12 UTC,8,0.375,0.3
"200",3,2020-05-04,2020-05-12,4,"C","C","HEAN",10,8,"",2,2020-05-04 UTC--2020-05-12 UTC,8,0.25,0.2
"201",3,2020-05-04,2020-05-12,4,"C","C","CAAN",10,3,"",7,2020-05-04 UTC--2020-05-12 UTC,8,0.875,0.7
"202",3,2020-05-04,2020-05-12,6,"B","A","SIAL",10,7,"",3,2020-05-04 UTC--2020-05-12 UTC,8,0.375,0.3
"203",3,2020-05-04,2020-05-12,6,"B","A","HEAN",10,6,"",4,2020-05-04 UTC--2020-05-12 UTC,8,0.5,0.4
"204",3,2020-05-04,2020-05-12,6,"B","A","CAAN",10,8,"",2,2020-05-04 UTC--2020-05-12 UTC,8,0.25,0.2
"205",3,2020-05-04,2020-05-12,6,"B","B","SIAL",10,8,"",2,2020-05-04 UTC--2020-05-12 UTC,8,0.25,0.2
"206",3,2020-05-04,2020-05-12,6,"B","B","HEAN",10,9,"",1,2020-05-04 UTC--2020-05-12 UTC,8,0.125,0.1
"207",3,2020-05-04,2020-05-12,6,"B","B","CAAN",10,10,"",0,2020-05-04 UTC--2020-05-12 UTC,8,0,0
"208",3,2020-05-04,2020-05-12,6,"B","C","SIAL",10,2,"",8,2020-05-04 UTC--2020-05-12 UTC,8,1,0.8
"209",3,2020-05-04,2020-05-12,6,"B","C","HEAN",10,0,"",10,2020-05-04 UTC--2020-05-12 UTC,8,1.25,1
"210",3,2020-05-04,2020-05-12,6,"B","C","CAAN",10,1,"",9,2020-05-04 UTC--2020-05-12 UTC,8,1.125,0.9
"211",3,2020-05-04,2020-05-12,6,"C","A","SIAL",10,5,"",5,2020-05-04 UTC--2020-05-12 UTC,8,0.625,0.5
"212",3,2020-05-04,2020-05-12,6,"C","A","HEAN",10,9,"",1,2020-05-04 UTC--2020-05-12 UTC,8,0.125,0.1
"213",3,2020-05-04,2020-05-12,6,"C","A","CAAN",10,9,"",1,2020-05-04 UTC--2020-05-12 UTC,8,0.125,0.1
"214",3,2020-05-04,2020-05-12,6,"C","B","SIAL",10,1,"",9,2020-05-04 UTC--2020-05-12 UTC,8,1.125,0.9
"215",3,2020-05-04,2020-05-12,6,"C","B","HEAN",10,1,"",9,2020-05-04 UTC--2020-05-12 UTC,8,1.125,0.9
"216",3,2020-05-04,2020-05-12,6,"C","B","CAAN",10,0,"",10,2020-05-04 UTC--2020-05-12 UTC,8,1.25,1
"217",3,2020-05-04,2020-05-12,6,"C","C","SIAL",10,4,"",6,2020-05-04 UTC--2020-05-12 UTC,8,0.75,0.6
"218",3,2020-05-04,2020-05-12,6,"C","C","HEAN",10,4,"",6,2020-05-04 UTC--2020-05-12 UTC,8,0.75,0.6
"219",3,2020-05-04,2020-05-12,6,"C","C","CAAN",10,5,"",5,2020-05-04 UTC--2020-05-12 UTC,8,0.625,0.5
"220",3,2020-05-04,2020-05-12,7,"B","A","SIAL",10,10,"",0,2020-05-04 UTC--2020-05-12 UTC,8,0,0
"221",3,2020-05-04,2020-05-12,7,"B","A","HEAN",10,10,"",0,2020-05-04 UTC--2020-05-12 UTC,8,0,0
"222",3,2020-05-04,2020-05-12,7,"B","A","CAAN",10,5,"",5,2020-05-04 UTC--2020-05-12 UTC,8,0.625,0.5
"223",3,2020-05-04,2020-05-12,7,"B","B","SIAL",10,9,"",1,2020-05-04 UTC--2020-05-12 UTC,8,0.125,0.1
"224",3,2020-05-04,2020-05-12,7,"B","B","HEAN",10,9,"",1,2020-05-04 UTC--2020-05-12 UTC,8,0.125,0.1
"225",3,2020-05-04,2020-05-12,7,"B","B","CAAN",10,9,"",1,2020-05-04 UTC--2020-05-12 UTC,8,0.125,0.1
"226",3,2020-05-04,2020-05-12,7,"B","C","SIAL",10,8,"",2,2020-05-04 UTC--2020-05-12 UTC,8,0.25,0.2
"227",3,2020-05-04,2020-05-12,7,"B","C","HEAN",10,3,"",7,2020-05-04 UTC--2020-05-12 UTC,8,0.875,0.7
"228",3,2020-05-04,2020-05-12,7,"B","C","CAAN",10,1,"",9,2020-05-04 UTC--2020-05-12 UTC,8,1.125,0.9
"229",3,2020-05-04,2020-05-12,7,"C","A","SIAL",10,0,"",10,2020-05-04 UTC--2020-05-12 UTC,8,1.25,1
"230",3,2020-05-04,2020-05-12,7,"C","A","HEAN",10,0,"",10,2020-05-04 UTC--2020-05-12 UTC,8,1.25,1
"231",3,2020-05-04,2020-05-12,7,"C","A","CAAN",10,0,"",10,2020-05-04 UTC--2020-05-12 UTC,8,1.25,1
"232",3,2020-05-04,2020-05-12,7,"C","B","SIAL",10,0,"",10,2020-05-04 UTC--2020-05-12 UTC,8,1.25,1
"233",3,2020-05-04,2020-05-12,7,"C","B","HEAN",10,0,"",10,2020-05-04 UTC--2020-05-12 UTC,8,1.25,1
"234",3,2020-05-04,2020-05-12,7,"C","B","CAAN",10,1,"",9,2020-05-04 UTC--2020-05-12 UTC,8,1.125,0.9
"235",3,2020-05-04,2020-05-12,7,"C","C","SIAL",10,8,"",2,2020-05-04 UTC--2020-05-12 UTC,8,0.25,0.2
"236",3,2020-05-04,2020-05-12,7,"C","C","HEAN",10,7,"",3,2020-05-04 UTC--2020-05-12 UTC,8,0.375,0.3
"237",3,2020-05-04,2020-05-12,7,"C","C","CAAN",10,3,"",7,2020-05-04 UTC--2020-05-12 UTC,8,0.875,0.7
"238",3,2020-05-04,2020-05-12,8,"B","A","SIAL",10,2,"",8,2020-05-04 UTC--2020-05-12 UTC,8,1,0.8
"239",3,2020-05-04,2020-05-12,8,"B","A","HEAN",10,0,"",10,2020-05-04 UTC--2020-05-12 UTC,8,1.25,1
"240",3,2020-05-04,2020-05-12,8,"B","A","CAAN",10,0,"",10,2020-05-04 UTC--2020-05-12 UTC,8,1.25,1
"241",3,2020-05-04,2020-05-12,8,"B","B","SIAL",10,2,"",8,2020-05-04 UTC--2020-05-12 UTC,8,1,0.8
"242",3,2020-05-04,2020-05-12,8,"B","B","HEAN",10,0,"",10,2020-05-04 UTC--2020-05-12 UTC,8,1.25,1
"243",3,2020-05-04,2020-05-12,8,"B","B","CAAN",10,0,"",10,2020-05-04 UTC--2020-05-12 UTC,8,1.25,1
"244",3,2020-05-04,2020-05-12,8,"B","C","SIAL",10,5,"",5,2020-05-04 UTC--2020-05-12 UTC,8,0.625,0.5
"245",3,2020-05-04,2020-05-12,8,"B","C","HEAN",10,6,"",4,2020-05-04 UTC--2020-05-12 UTC,8,0.5,0.4
"246",3,2020-05-04,2020-05-12,8,"B","C","CAAN",10,4,"",6,2020-05-04 UTC--2020-05-12 UTC,8,0.75,0.6
"247",3,2020-05-04,2020-05-12,8,"C","A","SIAL",10,4,"",6,2020-05-04 UTC--2020-05-12 UTC,8,0.75,0.6
"248",3,2020-05-04,2020-05-12,8,"C","A","HEAN",10,0,"",10,2020-05-04 UTC--2020-05-12 UTC,8,1.25,1
"249",3,2020-05-04,2020-05-12,8,"C","A","CAAN",10,1,"",9,2020-05-04 UTC--2020-05-12 UTC,8,1.125,0.9
"250",3,2020-05-04,2020-05-12,8,"C","B","SIAL",10,8,"",2,2020-05-04 UTC--2020-05-12 UTC,8,0.25,0.2
"251",3,2020-05-04,2020-05-12,8,"C","B","HEAN",10,5,"",5,2020-05-04 UTC--2020-05-12 UTC,8,0.625,0.5
"252",3,2020-05-04,2020-05-12,8,"C","B","CAAN",10,6,"",4,2020-05-04 UTC--2020-05-12 UTC,8,0.5,0.4
"253",3,2020-05-04,2020-05-12,8,"C","C","SIAL",10,1,"",9,2020-05-04 UTC--2020-05-12 UTC,8,1.125,0.9
"254",3,2020-05-04,2020-05-12,8,"C","C","HEAN",10,0,"",10,2020-05-04 UTC--2020-05-12 UTC,8,1.25,1
"255",3,2020-05-04,2020-05-12,8,"C","C","CAAN",10,0,"",10,2020-05-04 UTC--2020-05-12 UTC,8,1.25,1
"256",4,2020-05-12,2020-05-23,1,"B","A","SIAL",10,0,"",10,2020-05-12 UTC--2020-05-23 UTC,11,0.909090909090909,1
"257",4,2020-05-12,2020-05-23,1,"B","A","HEAN",10,0,"",10,2020-05-12 UTC--2020-05-23 UTC,11,0.909090909090909,1
"258",4,2020-05-12,2020-05-23,1,"B","A","CAAN",10,0,"",10,2020-05-12 UTC--2020-05-23 UTC,11,0.909090909090909,1
"259",4,2020-05-12,2020-05-23,1,"B","B","SIAL",10,0,"",10,2020-05-12 UTC--2020-05-23 UTC,11,0.909090909090909,1
"260",4,2020-05-12,2020-05-23,1,"B","B","HEAN",10,0,"",10,2020-05-12 UTC--2020-05-23 UTC,11,0.909090909090909,1
"261",4,2020-05-12,2020-05-23,1,"B","B","CAAN",10,0,"",10,2020-05-12 UTC--2020-05-23 UTC,11,0.909090909090909,1
"262",4,2020-05-12,2020-05-23,1,"B","C","SIAL",10,0,"",10,2020-05-12 UTC--2020-05-23 UTC,11,0.909090909090909,1
"263",4,2020-05-12,2020-05-23,1,"B","C","HEAN",10,1,"",9,2020-05-12 UTC--2020-05-23 UTC,11,0.818181818181818,0.9
"264",4,2020-05-12,2020-05-23,1,"B","C","CAAN",10,0,"",10,2020-05-12 UTC--2020-05-23 UTC,11,0.909090909090909,1
"265",4,2020-05-12,2020-05-23,1,"C","A","SIAL",10,1,"",9,2020-05-12 UTC--2020-05-23 UTC,11,0.818181818181818,0.9
"266",4,2020-05-12,2020-05-23,1,"C","A","HEAN",10,0,"",10,2020-05-12 UTC--2020-05-23 UTC,11,0.909090909090909,1
"267",4,2020-05-12,2020-05-23,1,"C","A","CAAN",10,1,"",9,2020-05-12 UTC--2020-05-23 UTC,11,0.818181818181818,0.9
"268",4,2020-05-12,2020-05-23,1,"C","B","SIAL",10,9,"",1,2020-05-12 UTC--2020-05-23 UTC,11,0.0909090909090909,0.1
"269",4,2020-05-12,2020-05-23,1,"C","B","HEAN",10,8,"",2,2020-05-12 UTC--2020-05-23 UTC,11,0.181818181818182,0.2
"270",4,2020-05-12,2020-05-23,1,"C","B","CAAN",10,10,"",0,2020-05-12 UTC--2020-05-23 UTC,11,0,0
"271",4,2020-05-12,2020-05-23,1,"C","C","SIAL",10,2,"",8,2020-05-12 UTC--2020-05-23 UTC,11,0.727272727272727,0.8
"272",4,2020-05-12,2020-05-23,1,"C","C","HEAN",10,8,"",2,2020-05-12 UTC--2020-05-23 UTC,11,0.181818181818182,0.2
"273",4,2020-05-12,2020-05-23,1,"C","C","CAAN",10,6,"",4,2020-05-12 UTC--2020-05-23 UTC,11,0.363636363636364,0.4
"274",4,2020-05-12,2020-05-23,4,"B","A","SIAL",10,4,"",6,2020-05-12 UTC--2020-05-23 UTC,11,0.545454545454545,0.6
"275",4,2020-05-12,2020-05-23,4,"B","A","HEAN",10,4,"",6,2020-05-12 UTC--2020-05-23 UTC,11,0.545454545454545,0.6
"276",4,2020-05-12,2020-05-23,4,"B","A","CAAN",10,5,"",5,2020-05-12 UTC--2020-05-23 UTC,11,0.454545454545455,0.5
"277",4,2020-05-12,2020-05-23,4,"B","B","SIAL",10,0,"",10,2020-05-12 UTC--2020-05-23 UTC,11,0.909090909090909,1
"278",4,2020-05-12,2020-05-23,4,"B","B","HEAN",10,0,"",10,2020-05-12 UTC--2020-05-23 UTC,11,0.909090909090909,1
"279",4,2020-05-12,2020-05-23,4,"B","B","CAAN",10,0,"",10,2020-05-12 UTC--2020-05-23 UTC,11,0.909090909090909,1
"280",4,2020-05-12,2020-05-23,4,"B","C","SIAL",10,0,"",10,2020-05-12 UTC--2020-05-23 UTC,11,0.909090909090909,1
"281",4,2020-05-12,2020-05-23,4,"B","C","HEAN",10,0,"",10,2020-05-12 UTC--2020-05-23 UTC,11,0.909090909090909,1
"282",4,2020-05-12,2020-05-23,4,"B","C","CAAN",10,0,"",10,2020-05-12 UTC--2020-05-23 UTC,11,0.909090909090909,1
"283",4,2020-05-12,2020-05-23,4,"C","A","SIAL",10,7,"",3,2020-05-12 UTC--2020-05-23 UTC,11,0.272727272727273,0.3
"284",4,2020-05-12,2020-05-23,4,"C","A","HEAN",10,10,"",0,2020-05-12 UTC--2020-05-23 UTC,11,0,0
"285",4,2020-05-12,2020-05-23,4,"C","A","CAAN",10,10,"",0,2020-05-12 UTC--2020-05-23 UTC,11,0,0
"286",4,2020-05-12,2020-05-23,4,"C","B","SIAL",10,3,"",7,2020-05-12 UTC--2020-05-23 UTC,11,0.636363636363636,0.7
"287",4,2020-05-12,2020-05-23,4,"C","B","HEAN",10,6,"",4,2020-05-12 UTC--2020-05-23 UTC,11,0.363636363636364,0.4
"288",4,2020-05-12,2020-05-23,4,"C","B","CAAN",10,7,"",3,2020-05-12 UTC--2020-05-23 UTC,11,0.272727272727273,0.3
"289",4,2020-05-12,2020-05-23,4,"C","C","SIAL",10,6,"",4,2020-05-12 UTC--2020-05-23 UTC,11,0.363636363636364,0.4
"290",4,2020-05-12,2020-05-23,4,"C","C","HEAN",10,8,"",2,2020-05-12 UTC--2020-05-23 UTC,11,0.181818181818182,0.2
"291",4,2020-05-12,2020-05-23,4,"C","C","CAAN",10,3,"",7,2020-05-12 UTC--2020-05-23 UTC,11,0.636363636363636,0.7
"292",4,2020-05-12,2020-05-23,6,"B","A","SIAL",10,7,"",3,2020-05-12 UTC--2020-05-23 UTC,11,0.272727272727273,0.3
"293",4,2020-05-12,2020-05-23,6,"B","A","HEAN",10,6,"",4,2020-05-12 UTC--2020-05-23 UTC,11,0.363636363636364,0.4
"294",4,2020-05-12,2020-05-23,6,"B","A","CAAN",10,9,"",1,2020-05-12 UTC--2020-05-23 UTC,11,0.0909090909090909,0.1
"295",4,2020-05-12,2020-05-23,6,"B","B","SIAL",10,4,"",6,2020-05-12 UTC--2020-05-23 UTC,11,0.545454545454545,0.6
"296",4,2020-05-12,2020-05-23,6,"B","B","HEAN",10,7,"",3,2020-05-12 UTC--2020-05-23 UTC,11,0.272727272727273,0.3
"297",4,2020-05-12,2020-05-23,6,"B","B","CAAN",10,9,"",1,2020-05-12 UTC--2020-05-23 UTC,11,0.0909090909090909,0.1
"298",4,2020-05-12,2020-05-23,6,"B","C","SIAL",10,1,"",9,2020-05-12 UTC--2020-05-23 UTC,11,0.818181818181818,0.9
"299",4,2020-05-12,2020-05-23,6,"B","C","HEAN",10,0,"",10,2020-05-12 UTC--2020-05-23 UTC,11,0.909090909090909,1
"300",4,2020-05-12,2020-05-23,6,"B","C","CAAN",10,1,"",9,2020-05-12 UTC--2020-05-23 UTC,11,0.818181818181818,0.9
"301",4,2020-05-12,2020-05-23,6,"C","A","SIAL",10,1,"",9,2020-05-12 UTC--2020-05-23 UTC,11,0.818181818181818,0.9
"302",4,2020-05-12,2020-05-23,6,"C","A","HEAN",10,10,"",0,2020-05-12 UTC--2020-05-23 UTC,11,0,0
"303",4,2020-05-12,2020-05-23,6,"C","A","CAAN",10,9,"",1,2020-05-12 UTC--2020-05-23 UTC,11,0.0909090909090909,0.1
"304",4,2020-05-12,2020-05-23,6,"C","B","SIAL",10,0,"",10,2020-05-12 UTC--2020-05-23 UTC,11,0.909090909090909,1
"305",4,2020-05-12,2020-05-23,6,"C","B","HEAN",10,1,"",9,2020-05-12 UTC--2020-05-23 UTC,11,0.818181818181818,0.9
"306",4,2020-05-12,2020-05-23,6,"C","B","CAAN",10,0,"",10,2020-05-12 UTC--2020-05-23 UTC,11,0.909090909090909,1
"307",4,2020-05-12,2020-05-23,6,"C","C","SIAL",10,5,"",5,2020-05-12 UTC--2020-05-23 UTC,11,0.454545454545455,0.5
"308",4,2020-05-12,2020-05-23,6,"C","C","HEAN",10,4,"",6,2020-05-12 UTC--2020-05-23 UTC,11,0.545454545454545,0.6
"309",4,2020-05-12,2020-05-23,6,"C","C","CAAN",10,4,"",6,2020-05-12 UTC--2020-05-23 UTC,11,0.545454545454545,0.6
"310",4,2020-05-12,2020-05-23,7,"B","A","SIAL",10,5,"",5,2020-05-12 UTC--2020-05-23 UTC,11,0.454545454545455,0.5
"311",4,2020-05-12,2020-05-23,7,"B","A","HEAN",10,8,"",2,2020-05-12 UTC--2020-05-23 UTC,11,0.181818181818182,0.2
"312",4,2020-05-12,2020-05-23,7,"B","A","CAAN",10,7,"",3,2020-05-12 UTC--2020-05-23 UTC,11,0.272727272727273,0.3
"313",4,2020-05-12,2020-05-23,7,"B","B","SIAL",10,7,"",3,2020-05-12 UTC--2020-05-23 UTC,11,0.272727272727273,0.3
"314",4,2020-05-12,2020-05-23,7,"B","B","HEAN",10,9,"",1,2020-05-12 UTC--2020-05-23 UTC,11,0.0909090909090909,0.1
"315",4,2020-05-12,2020-05-23,7,"B","B","CAAN",10,6,"",4,2020-05-12 UTC--2020-05-23 UTC,11,0.363636363636364,0.4
"316",4,2020-05-12,2020-05-23,7,"B","C","SIAL",10,9,"",1,2020-05-12 UTC--2020-05-23 UTC,11,0.0909090909090909,0.1
"317",4,2020-05-12,2020-05-23,7,"B","C","HEAN",10,3,"",7,2020-05-12 UTC--2020-05-23 UTC,11,0.636363636363636,0.7
"318",4,2020-05-12,2020-05-23,7,"B","C","CAAN",10,2,"",8,2020-05-12 UTC--2020-05-23 UTC,11,0.727272727272727,0.8
"319",4,2020-05-12,2020-05-23,7,"C","A","SIAL",10,0,"",10,2020-05-12 UTC--2020-05-23 UTC,11,0.909090909090909,1
"320",4,2020-05-12,2020-05-23,7,"C","A","HEAN",10,0,"",10,2020-05-12 UTC--2020-05-23 UTC,11,0.909090909090909,1
"321",4,2020-05-12,2020-05-23,7,"C","A","CAAN",10,0,"",10,2020-05-12 UTC--2020-05-23 UTC,11,0.909090909090909,1
"322",4,2020-05-12,2020-05-23,7,"C","B","SIAL",10,0,"",10,2020-05-12 UTC--2020-05-23 UTC,11,0.909090909090909,1
"323",4,2020-05-12,2020-05-23,7,"C","B","HEAN",10,0,"",10,2020-05-12 UTC--2020-05-23 UTC,11,0.909090909090909,1
"324",4,2020-05-12,2020-05-23,7,"C","B","CAAN",10,1,"",9,2020-05-12 UTC--2020-05-23 UTC,11,0.818181818181818,0.9
"325",4,2020-05-12,2020-05-23,7,"C","C","SIAL",10,2,"",8,2020-05-12 UTC--2020-05-23 UTC,11,0.727272727272727,0.8
"326",4,2020-05-12,2020-05-23,7,"C","C","HEAN",10,7,"",3,2020-05-12 UTC--2020-05-23 UTC,11,0.272727272727273,0.3
"327",4,2020-05-12,2020-05-23,7,"C","C","CAAN",10,2,"",8,2020-05-12 UTC--2020-05-23 UTC,11,0.727272727272727,0.8
"328",4,2020-05-12,2020-05-23,8,"B","A","SIAL",10,0,"",10,2020-05-12 UTC--2020-05-23 UTC,11,0.909090909090909,1
"329",4,2020-05-12,2020-05-23,8,"B","A","HEAN",10,0,"",10,2020-05-12 UTC--2020-05-23 UTC,11,0.909090909090909,1
"330",4,2020-05-12,2020-05-23,8,"B","A","CAAN",10,0,"",10,2020-05-12 UTC--2020-05-23 UTC,11,0.909090909090909,1
"331",4,2020-05-12,2020-05-23,8,"B","B","SIAL",10,0,"",10,2020-05-12 UTC--2020-05-23 UTC,11,0.909090909090909,1
"332",4,2020-05-12,2020-05-23,8,"B","B","HEAN",10,0,"",10,2020-05-12 UTC--2020-05-23 UTC,11,0.909090909090909,1
"333",4,2020-05-12,2020-05-23,8,"B","B","CAAN",10,0,"",10,2020-05-12 UTC--2020-05-23 UTC,11,0.909090909090909,1
"334",4,2020-05-12,2020-05-23,8,"B","C","SIAL",10,4,"",6,2020-05-12 UTC--2020-05-23 UTC,11,0.545454545454545,0.6
"335",4,2020-05-12,2020-05-23,8,"B","C","HEAN",10,7,"",3,2020-05-12 UTC--2020-05-23 UTC,11,0.272727272727273,0.3
"336",4,2020-05-12,2020-05-23,8,"B","C","CAAN",10,3,"",7,2020-05-12 UTC--2020-05-23 UTC,11,0.636363636363636,0.7
"337",4,2020-05-12,2020-05-23,8,"C","A","SIAL",10,2,"",8,2020-05-12 UTC--2020-05-23 UTC,11,0.727272727272727,0.8
"338",4,2020-05-12,2020-05-23,8,"C","A","HEAN",10,0,"",10,2020-05-12 UTC--2020-05-23 UTC,11,0.909090909090909,1
"339",4,2020-05-12,2020-05-23,8,"C","A","CAAN",10,0,"",10,2020-05-12 UTC--2020-05-23 UTC,11,0.909090909090909,1
"340",4,2020-05-12,2020-05-23,8,"C","B","SIAL",10,5,"",5,2020-05-12 UTC--2020-05-23 UTC,11,0.454545454545455,0.5
"341",4,2020-05-12,2020-05-23,8,"C","B","HEAN",10,6,"",4,2020-05-12 UTC--2020-05-23 UTC,11,0.363636363636364,0.4
"342",4,2020-05-12,2020-05-23,8,"C","B","CAAN",10,3,"",7,2020-05-12 UTC--2020-05-23 UTC,11,0.636363636363636,0.7
"343",4,2020-05-12,2020-05-23,8,"C","C","SIAL",10,0,"",10,2020-05-12 UTC--2020-05-23 UTC,11,0.909090909090909,1
"344",4,2020-05-12,2020-05-23,8,"C","C","HEAN",10,0,"",10,2020-05-12 UTC--2020-05-23 UTC,11,0.909090909090909,1
"345",4,2020-05-12,2020-05-23,8,"C","C","CAAN",10,0,"",10,2020-05-12 UTC--2020-05-23 UTC,11,0.909090909090909,1
"346",4,2020-05-12,2020-05-23,16,"B","A","SIAL",10,9,"",1,2020-05-12 UTC--2020-05-23 UTC,11,0.0909090909090909,0.1
"347",4,2020-05-14,2020-05-23,16,"B","A","HEAN",10,9,"",1,2020-05-14 UTC--2020-05-23 UTC,9,0.111111111111111,0.1
"348",4,2020-05-14,2020-05-23,16,"B","A","CAAN",10,8,"",2,2020-05-14 UTC--2020-05-23 UTC,9,0.222222222222222,0.2
"349",4,2020-05-14,2020-05-23,16,"B","B","SIAL",10,1,"",9,2020-05-14 UTC--2020-05-23 UTC,9,1,0.9
"350",4,2020-05-14,2020-05-23,16,"B","B","HEAN",10,9,"",1,2020-05-14 UTC--2020-05-23 UTC,9,0.111111111111111,0.1
"351",4,2020-05-14,2020-05-23,16,"B","B","CAAN",10,4,"",6,2020-05-14 UTC--2020-05-23 UTC,9,0.666666666666667,0.6
"352",4,2020-05-14,2020-05-23,16,"B","C","SIAL",10,7,"",3,2020-05-14 UTC--2020-05-23 UTC,9,0.333333333333333,0.3
"353",4,2020-05-14,2020-05-23,16,"B","C","HEAN",10,8,"",2,2020-05-14 UTC--2020-05-23 UTC,9,0.222222222222222,0.2
"354",4,2020-05-14,2020-05-23,16,"B","C","CAAN",10,6,"",4,2020-05-14 UTC--2020-05-23 UTC,9,0.444444444444444,0.4
"355",4,2020-05-14,2020-05-23,16,"C","A","SIAL",10,9,"",1,2020-05-14 UTC--2020-05-23 UTC,9,0.111111111111111,0.1
"356",4,2020-05-14,2020-05-23,16,"C","A","HEAN",10,10,"",0,2020-05-14 UTC--2020-05-23 UTC,9,0,0
"357",4,2020-05-14,2020-05-23,16,"C","A","CAAN",10,10,"",0,2020-05-14 UTC--2020-05-23 UTC,9,0,0
"358",4,2020-05-14,2020-05-23,16,"C","B","SIAL",10,10,"",0,2020-05-14 UTC--2020-05-23 UTC,9,0,0
"359",4,2020-05-14,2020-05-23,16,"C","B","HEAN",10,10,"",0,2020-05-14 UTC--2020-05-23 UTC,9,0,0
"360",4,2020-05-14,2020-05-23,16,"C","B","CAAN",10,8,"",2,2020-05-14 UTC--2020-05-23 UTC,9,0.222222222222222,0.2
"361",4,2020-05-14,2020-05-23,16,"C","C","SIAL",10,10,"",0,2020-05-14 UTC--2020-05-23 UTC,9,0,0
"362",4,2020-05-14,2020-05-23,16,"C","C","HEAN",10,10,"",0,2020-05-14 UTC--2020-05-23 UTC,9,0,0
"363",4,2020-05-14,2020-05-23,16,"C","C","CAAN",10,9,"",1,2020-05-14 UTC--2020-05-23 UTC,9,0.111111111111111,0.1
"364",4,2020-05-14,2020-05-23,17,"B","A","SIAL",10,3,"",7,2020-05-14 UTC--2020-05-23 UTC,9,0.777777777777778,0.7
"365",4,2020-05-14,2020-05-23,17,"B","A","HEAN",10,2,"",8,2020-05-14 UTC--2020-05-23 UTC,9,0.888888888888889,0.8
"366",4,2020-05-14,2020-05-23,17,"B","A","CAAN",10,3,"",7,2020-05-14 UTC--2020-05-23 UTC,9,0.777777777777778,0.7
"367",4,2020-05-14,2020-05-23,17,"B","B","SIAL",10,0,"",10,2020-05-14 UTC--2020-05-23 UTC,9,1.11111111111111,1
"368",4,2020-05-14,2020-05-23,17,"B","B","HEAN",10,1,"",9,2020-05-14 UTC--2020-05-23 UTC,9,1,0.9
"369",4,2020-05-14,2020-05-23,17,"B","B","CAAN",10,0,"",10,2020-05-14 UTC--2020-05-23 UTC,9,1.11111111111111,1
"370",4,2020-05-14,2020-05-23,17,"B","C","SIAL",10,5,"",5,2020-05-14 UTC--2020-05-23 UTC,9,0.555555555555556,0.5
"371",4,2020-05-14,2020-05-23,17,"B","C","HEAN",10,1,"",9,2020-05-14 UTC--2020-05-23 UTC,9,1,0.9
"372",4,2020-05-14,2020-05-23,17,"B","C","CAAN",10,4,"",6,2020-05-14 UTC--2020-05-23 UTC,9,0.666666666666667,0.6
"373",4,2020-05-14,2020-05-23,17,"C","A","SIAL",10,9,"",1,2020-05-14 UTC--2020-05-23 UTC,9,0.111111111111111,0.1
"374",4,2020-05-14,2020-05-23,17,"C","A","HEAN",10,10,"",0,2020-05-14 UTC--2020-05-23 UTC,9,0,0
"375",4,2020-05-14,2020-05-23,17,"C","A","CAAN",10,6,"",4,2020-05-14 UTC--2020-05-23 UTC,9,0.444444444444444,0.4
"376",4,2020-05-14,2020-05-23,17,"C","B","SIAL",10,10,"",0,2020-05-14 UTC--2020-05-23 UTC,9,0,0
"377",4,2020-05-14,2020-05-23,17,"C","B","HEAN",10,10,"",0,2020-05-14 UTC--2020-05-23 UTC,9,0,0
"378",4,2020-05-14,2020-05-23,17,"C","B","CAAN",10,8,"",2,2020-05-14 UTC--2020-05-23 UTC,9,0.222222222222222,0.2
"379",4,2020-05-14,2020-05-23,17,"C","C","SIAL",10,10,"",0,2020-05-14 UTC--2020-05-23 UTC,9,0,0
"380",4,2020-05-14,2020-05-23,17,"C","C","HEAN",10,9,"",1,2020-05-14 UTC--2020-05-23 UTC,9,0.111111111111111,0.1
"381",4,2020-05-14,2020-05-23,17,"C","C","CAAN",10,10,"",0,2020-05-14 UTC--2020-05-23 UTC,9,0,0
"382",5,2020-06-05,2020-06-24,4,"B","A","SIAL",10,2,"",8,2020-06-05 UTC--2020-06-24 UTC,19,0.421052631578947,0.8
"383",5,2020-06-05,2020-06-24,4,"B","A","HEAN",10,8,"",2,2020-06-05 UTC--2020-06-24 UTC,19,0.105263157894737,0.2
"384",5,2020-06-05,2020-06-24,4,"B","A","CAAN",10,7,"",3,2020-06-05 UTC--2020-06-24 UTC,19,0.157894736842105,0.3
"385",5,2020-06-05,2020-06-24,4,"B","B","SIAL",10,6,"",4,2020-06-05 UTC--2020-06-24 UTC,19,0.210526315789474,0.4
"386",5,2020-06-05,2020-06-24,4,"B","B","HEAN",10,9,"",1,2020-06-05 UTC--2020-06-24 UTC,19,0.0526315789473684,0.1
"387",5,2020-06-05,2020-06-24,4,"B","B","CAAN",10,10,"",0,2020-06-05 UTC--2020-06-24 UTC,19,0,0
"388",5,2020-06-05,2020-06-24,4,"B","C","SIAL",10,2,"",8,2020-06-05 UTC--2020-06-24 UTC,19,0.421052631578947,0.8
"389",5,2020-06-05,2020-06-24,4,"B","C","HEAN",10,9,"",1,2020-06-05 UTC--2020-06-24 UTC,19,0.0526315789473684,0.1
"390",5,2020-06-05,2020-06-24,4,"B","C","CAAN",10,10,"",0,2020-06-05 UTC--2020-06-24 UTC,19,0,0
"391",5,2020-06-05,2020-06-24,4,"C","A","SIAL",10,2,"",8,2020-06-05 UTC--2020-06-24 UTC,19,0.421052631578947,0.8
"392",5,2020-06-05,2020-06-24,4,"C","A","HEAN",10,9,"",1,2020-06-05 UTC--2020-06-24 UTC,19,0.0526315789473684,0.1
"393",5,2020-06-05,2020-06-24,4,"C","A","CAAN",10,9,"",1,2020-06-05 UTC--2020-06-24 UTC,19,0.0526315789473684,0.1
"394",5,2020-06-05,2020-06-24,4,"C","B","SIAL",10,1,"",9,2020-06-05 UTC--2020-06-24 UTC,19,0.473684210526316,0.9
"395",5,2020-06-05,2020-06-24,4,"C","B","HEAN",10,7,"",3,2020-06-05 UTC--2020-06-24 UTC,19,0.157894736842105,0.3
"396",5,2020-06-05,2020-06-24,4,"C","B","CAAN",10,10,"",0,2020-06-05 UTC--2020-06-24 UTC,19,0,0
"397",5,2020-06-05,2020-06-24,4,"C","C","SIAL",10,0,"",10,2020-06-05 UTC--2020-06-24 UTC,19,0.526315789473684,1
"398",5,2020-06-05,2020-06-24,4,"C","C","HEAN",10,0,"",10,2020-06-05 UTC--2020-06-24 UTC,19,0.526315789473684,1
"399",5,2020-06-05,2020-06-24,4,"C","C","CAAN",10,0,"",10,2020-06-05 UTC--2020-06-24 UTC,19,0.526315789473684,1
"400",5,2020-06-05,2020-06-24,6,"B","A","SIAL",10,2,"",8,2020-06-05 UTC--2020-06-24 UTC,19,0.421052631578947,0.8
"401",5,2020-06-05,2020-06-24,6,"B","A","HEAN",10,0,"",10,2020-06-05 UTC--2020-06-24 UTC,19,0.526315789473684,1
"402",5,2020-06-05,2020-06-24,6,"B","A","CAAN",10,10,"",0,2020-06-05 UTC--2020-06-24 UTC,19,0,0
"403",5,2020-06-05,2020-06-24,6,"B","B","SIAL",10,2,"",8,2020-06-05 UTC--2020-06-24 UTC,19,0.421052631578947,0.8
"404",5,2020-06-05,2020-06-24,6,"B","B","HEAN",10,0,"",10,2020-06-05 UTC--2020-06-24 UTC,19,0.526315789473684,1
"405",5,2020-06-05,2020-06-24,6,"B","B","CAAN",10,7,"",3,2020-06-05 UTC--2020-06-24 UTC,19,0.157894736842105,0.3
"406",5,2020-06-05,2020-06-24,6,"B","C","SIAL",10,0,"",10,2020-06-05 UTC--2020-06-24 UTC,19,0.526315789473684,1
"407",5,2020-06-05,2020-06-24,6,"B","C","HEAN",10,10,"",0,2020-06-05 UTC--2020-06-24 UTC,19,0,0
"408",5,2020-06-05,2020-06-24,6,"B","C","CAAN",10,10,"",0,2020-06-05 UTC--2020-06-24 UTC,19,0,0
"409",5,2020-06-05,2020-06-24,6,"C","A","SIAL",10,1,"",9,2020-06-05 UTC--2020-06-24 UTC,19,0.473684210526316,0.9
"410",5,2020-06-05,2020-06-24,6,"C","A","HEAN",10,10,"",0,2020-06-05 UTC--2020-06-24 UTC,19,0,0
"411",5,2020-06-05,2020-06-24,6,"C","A","CAAN",10,8,"",2,2020-06-05 UTC--2020-06-24 UTC,19,0.105263157894737,0.2
"412",5,2020-06-05,2020-06-24,6,"C","B","SIAL",10,3,"",7,2020-06-05 UTC--2020-06-24 UTC,19,0.368421052631579,0.7
"413",5,2020-06-05,2020-06-24,6,"C","B","HEAN",10,9,"",1,2020-06-05 UTC--2020-06-24 UTC,19,0.0526315789473684,0.1
"414",5,2020-06-05,2020-06-24,6,"C","B","CAAN",10,10,"",0,2020-06-05 UTC--2020-06-24 UTC,19,0,0
"415",5,2020-06-05,2020-06-24,6,"C","C","SIAL",10,8,"",2,2020-06-05 UTC--2020-06-24 UTC,19,0.105263157894737,0.2
"416",5,2020-06-05,2020-06-24,6,"C","C","HEAN",10,10,"",0,2020-06-05 UTC--2020-06-24 UTC,19,0,0
"417",5,2020-06-05,2020-06-24,6,"C","C","CAAN",10,10,"",0,2020-06-05 UTC--2020-06-24 UTC,19,0,0
"418",5,2020-06-05,2020-06-23,8,"B","A","SIAL",10,3,"",7,2020-06-05 UTC--2020-06-23 UTC,18,0.388888888888889,0.7
"419",5,2020-06-05,2020-06-23,8,"B","A","HEAN",10,8,"",2,2020-06-05 UTC--2020-06-23 UTC,18,0.111111111111111,0.2
"420",5,2020-06-05,2020-06-23,8,"B","A","CAAN",10,9,"",1,2020-06-05 UTC--2020-06-23 UTC,18,0.0555555555555556,0.1
"421",5,2020-06-05,2020-06-23,8,"B","B","SIAL",10,10,"",0,2020-06-05 UTC--2020-06-23 UTC,18,0,0
"422",5,2020-06-05,2020-06-23,8,"B","B","HEAN",10,10,"",0,2020-06-05 UTC--2020-06-23 UTC,18,0,0
"423",5,2020-06-05,2020-06-23,8,"B","B","CAAN",10,10,"",0,2020-06-05 UTC--2020-06-23 UTC,18,0,0
"424",5,2020-06-05,2020-06-23,8,"B","C","SIAL",10,8,"",2,2020-06-05 UTC--2020-06-23 UTC,18,0.111111111111111,0.2
"425",5,2020-06-05,2020-06-23,8,"B","C","HEAN",10,9,"",1,2020-06-05 UTC--2020-06-23 UTC,18,0.0555555555555556,0.1
"426",5,2020-06-05,2020-06-23,8,"B","C","CAAN",10,10,"",0,2020-06-05 UTC--2020-06-23 UTC,18,0,0
"427",5,2020-06-05,2020-06-23,8,"C","A","SIAL",10,4,"",6,2020-06-05 UTC--2020-06-23 UTC,18,0.333333333333333,0.6
"428",5,2020-06-05,2020-06-23,8,"C","A","HEAN",10,0,"",10,2020-06-05 UTC--2020-06-23 UTC,18,0.555555555555556,1
"429",5,2020-06-05,2020-06-23,8,"C","A","CAAN",10,10,"",0,2020-06-05 UTC--2020-06-23 UTC,18,0,0
"430",5,2020-06-05,2020-06-23,8,"C","B","SIAL",10,10,"",0,2020-06-05 UTC--2020-06-23 UTC,18,0,0
"431",5,2020-06-05,2020-06-23,8,"C","B","HEAN",10,10,"",0,2020-06-05 UTC--2020-06-23 UTC,18,0,0
"432",5,2020-06-05,2020-06-23,8,"C","B","CAAN",10,9,"",1,2020-06-05 UTC--2020-06-23 UTC,18,0.0555555555555556,0.1
"433",5,2020-06-05,2020-06-23,8,"C","C","SIAL",10,0,"",10,2020-06-05 UTC--2020-06-23 UTC,18,0.555555555555556,1
"434",5,2020-06-05,2020-06-23,8,"C","C","HEAN",10,0,"",10,2020-06-05 UTC--2020-06-23 UTC,18,0.555555555555556,1
"435",5,2020-06-05,2020-06-23,8,"C","C","CAAN",10,0,"",10,2020-06-05 UTC--2020-06-23 UTC,18,0.555555555555556,1
"436",5,2020-06-05,2020-06-24,16,"B","A","SIAL",10,4,"",6,2020-06-05 UTC--2020-06-24 UTC,19,0.315789473684211,0.6
"437",5,2020-06-05,2020-06-24,16,"B","A","HEAN",10,5,"",5,2020-06-05 UTC--2020-06-24 UTC,19,0.263157894736842,0.5
"438",5,2020-06-05,2020-06-24,16,"B","A","CAAN",10,5,"",5,2020-06-05 UTC--2020-06-24 UTC,19,0.263157894736842,0.5
"439",5,2020-06-05,2020-06-24,16,"B","B","SIAL",10,1,"",9,2020-06-05 UTC--2020-06-24 UTC,19,0.473684210526316,0.9
"440",5,2020-06-05,2020-06-24,16,"B","B","HEAN",10,1,"",9,2020-06-05 UTC--2020-06-24 UTC,19,0.473684210526316,0.9
"441",5,2020-06-05,2020-06-24,16,"B","B","CAAN",10,4,"",6,2020-06-05 UTC--2020-06-24 UTC,19,0.315789473684211,0.6
"442",5,2020-06-05,2020-06-24,16,"B","C","SIAL",10,2,"",8,2020-06-05 UTC--2020-06-24 UTC,19,0.421052631578947,0.8
"443",5,2020-06-05,2020-06-24,16,"B","C","HEAN",10,9,"",1,2020-06-05 UTC--2020-06-24 UTC,19,0.0526315789473684,0.1
"444",5,2020-06-05,2020-06-24,16,"B","C","CAAN",10,10,"",0,2020-06-05 UTC--2020-06-24 UTC,19,0,0
"445",5,2020-06-05,2020-06-24,16,"C","A","SIAL",10,8,"",2,2020-06-05 UTC--2020-06-24 UTC,19,0.105263157894737,0.2
"446",5,2020-06-05,2020-06-24,16,"C","A","HEAN",10,10,"",0,2020-06-05 UTC--2020-06-24 UTC,19,0,0
"447",5,2020-06-05,2020-06-24,16,"C","A","CAAN",10,9,"",1,2020-06-05 UTC--2020-06-24 UTC,19,0.0526315789473684,0.1
"448",5,2020-06-05,2020-06-24,16,"C","B","SIAL",10,5,"",5,2020-06-05 UTC--2020-06-24 UTC,19,0.263157894736842,0.5
"449",5,2020-06-05,2020-06-24,16,"C","B","HEAN",10,10,"",0,2020-06-05 UTC--2020-06-24 UTC,19,0,0
"450",5,2020-06-05,2020-06-24,16,"C","B","CAAN",10,9,"",1,2020-06-05 UTC--2020-06-24 UTC,19,0.0526315789473684,0.1
"451",5,2020-06-05,2020-06-24,16,"C","C","SIAL",10,4,"",6,2020-06-05 UTC--2020-06-24 UTC,19,0.315789473684211,0.6
"452",5,2020-06-05,2020-06-24,16,"C","C","HEAN",10,9,"",1,2020-06-05 UTC--2020-06-24 UTC,19,0.0526315789473684,0.1
"453",5,2020-06-05,2020-06-24,16,"C","C","CAAN",10,8,"",2,2020-06-05 UTC--2020-06-24 UTC,19,0.105263157894737,0.2
"454",5,2020-06-08,2020-06-23,1,"B","A","SIAL",10,10,"",0,2020-06-08 UTC--2020-06-23 UTC,15,0,0
"455",5,2020-06-08,2020-06-23,1,"B","A","HEAN",10,9,"",1,2020-06-08 UTC--2020-06-23 UTC,15,0.0666666666666667,0.1
"456",5,2020-06-08,2020-06-23,1,"B","A","CAAN",10,8,"",2,2020-06-08 UTC--2020-06-23 UTC,15,0.133333333333333,0.2
"457",5,2020-06-08,2020-06-23,1,"B","B","SIAL",10,10,"",0,2020-06-08 UTC--2020-06-23 UTC,15,0,0
"458",5,2020-06-08,2020-06-23,1,"B","B","HEAN",10,9,"",1,2020-06-08 UTC--2020-06-23 UTC,15,0.0666666666666667,0.1
"459",5,2020-06-08,2020-06-23,1,"B","B","CAAN",10,10,"",0,2020-06-08 UTC--2020-06-23 UTC,15,0,0
"460",5,2020-06-08,2020-06-23,1,"B","C","SIAL",10,8,"",2,2020-06-08 UTC--2020-06-23 UTC,15,0.133333333333333,0.2
"461",5,2020-06-08,2020-06-23,1,"B","C","HEAN",10,10,"",0,2020-06-08 UTC--2020-06-23 UTC,15,0,0
"462",5,2020-06-08,2020-06-23,1,"B","C","CAAN",10,9,"",1,2020-06-08 UTC--2020-06-23 UTC,15,0.0666666666666667,0.1
"463",5,2020-06-08,2020-06-23,1,"C","A","SIAL",9,7,"",2,2020-06-08 UTC--2020-06-23 UTC,15,0.133333333333333,0.222222222222222
"464",5,2020-06-08,2020-06-23,1,"C","A","HEAN",10,6,"",4,2020-06-08 UTC--2020-06-23 UTC,15,0.266666666666667,0.4
"465",5,2020-06-08,2020-06-23,1,"C","A","CAAN",10,9,"",1,2020-06-08 UTC--2020-06-23 UTC,15,0.0666666666666667,0.1
"466",5,2020-06-08,2020-06-23,1,"C","B","SIAL",10,7,"",3,2020-06-08 UTC--2020-06-23 UTC,15,0.2,0.3
"467",5,2020-06-08,2020-06-23,1,"C","B","HEAN",10,5,"",5,2020-06-08 UTC--2020-06-23 UTC,15,0.333333333333333,0.5
"468",5,2020-06-08,2020-06-23,1,"C","B","CAAN",10,9,"",1,2020-06-08 UTC--2020-06-23 UTC,15,0.0666666666666667,0.1
"469",5,2020-06-08,2020-06-23,1,"C","C","SIAL",10,10,"",0,2020-06-08 UTC--2020-06-23 UTC,15,0,0
"470",5,2020-06-08,2020-06-23,1,"C","C","HEAN",10,9,"",1,2020-06-08 UTC--2020-06-23 UTC,15,0.0666666666666667,0.1
"471",5,2020-06-08,2020-06-23,1,"C","C","CAAN",10,10,"",0,2020-06-08 UTC--2020-06-23 UTC,15,0,0
"472",5,2020-06-08,2020-06-23,7,"B","A","SIAL",10,10,"",0,2020-06-08 UTC--2020-06-23 UTC,15,0,0
"473",5,2020-06-08,2020-06-23,7,"B","A","HEAN",10,8,"",2,2020-06-08 UTC--2020-06-23 UTC,15,0.133333333333333,0.2
"474",5,2020-06-08,2020-06-23,7,"B","A","CAAN",10,7,"",3,2020-06-08 UTC--2020-06-23 UTC,15,0.2,0.3
"475",5,2020-06-08,2020-06-23,7,"B","B","SIAL",10,6,"",4,2020-06-08 UTC--2020-06-23 UTC,15,0.266666666666667,0.4
"476",5,2020-06-08,2020-06-23,7,"B","B","HEAN",10,7,"",3,2020-06-08 UTC--2020-06-23 UTC,15,0.2,0.3
"477",5,2020-06-08,2020-06-23,7,"B","B","CAAN",10,9,"",1,2020-06-08 UTC--2020-06-23 UTC,15,0.0666666666666667,0.1
"478",5,2020-06-08,2020-06-23,7,"B","C","SIAL",10,7,"",3,2020-06-08 UTC--2020-06-23 UTC,15,0.2,0.3
"479",5,2020-06-08,2020-06-23,7,"B","C","HEAN",10,9,"",1,2020-06-08 UTC--2020-06-23 UTC,15,0.0666666666666667,0.1
"480",5,2020-06-08,2020-06-23,7,"B","C","CAAN",10,9,"",1,2020-06-08 UTC--2020-06-23 UTC,15,0.0666666666666667,0.1
"481",5,2020-06-08,2020-06-23,7,"C","A","SIAL",10,8,"",2,2020-06-08 UTC--2020-06-23 UTC,15,0.133333333333333,0.2
"482",5,2020-06-08,2020-06-23,7,"C","A","HEAN",10,7,"",3,2020-06-08 UTC--2020-06-23 UTC,15,0.2,0.3
"483",5,2020-06-08,2020-06-23,7,"C","A","CAAN",10,7,"",3,2020-06-08 UTC--2020-06-23 UTC,15,0.2,0.3
"484",5,2020-06-08,2020-06-23,7,"C","B","SIAL",10,9,"",1,2020-06-08 UTC--2020-06-23 UTC,15,0.0666666666666667,0.1
"485",5,2020-06-08,2020-06-23,7,"C","B","HEAN",10,7,"",3,2020-06-08 UTC--2020-06-23 UTC,15,0.2,0.3
"486",5,2020-06-08,2020-06-23,7,"C","B","CAAN",10,2,"",8,2020-06-08 UTC--2020-06-23 UTC,15,0.533333333333333,0.8
"487",5,2020-06-08,2020-06-23,7,"C","C","SIAL",10,10,"",0,2020-06-08 UTC--2020-06-23 UTC,15,0,0
"488",5,2020-06-08,2020-06-23,7,"C","C","HEAN",10,10,"",0,2020-06-08 UTC--2020-06-23 UTC,15,0,0
"489",5,2020-06-08,2020-06-23,7,"C","C","CAAN",10,7,"",3,2020-06-08 UTC--2020-06-23 UTC,15,0.2,0.3
"490",5,2020-06-08,2020-06-23,17,"B","A","SIAL",10,6,"",4,2020-06-08 UTC--2020-06-23 UTC,15,0.266666666666667,0.4
"491",5,2020-06-08,2020-06-23,17,"B","A","HEAN",10,0,"",10,2020-06-08 UTC--2020-06-23 UTC,15,0.666666666666667,1
"492",5,2020-06-08,2020-06-23,17,"B","A","CAAN",10,0,"",10,2020-06-08 UTC--2020-06-23 UTC,15,0.666666666666667,1
"493",5,2020-06-08,2020-06-23,17,"B","B","SIAL",10,7,"",3,2020-06-08 UTC--2020-06-23 UTC,15,0.2,0.3
"494",5,2020-06-08,2020-06-23,17,"B","B","HEAN",10,7,"",3,2020-06-08 UTC--2020-06-23 UTC,15,0.2,0.3
"495",5,2020-06-08,2020-06-23,17,"B","B","CAAN",10,6,"",4,2020-06-08 UTC--2020-06-23 UTC,15,0.266666666666667,0.4
"496",5,2020-06-08,2020-06-23,17,"B","C","SIAL",10,7,"",3,2020-06-08 UTC--2020-06-23 UTC,15,0.2,0.3
"497",5,2020-06-08,2020-06-23,17,"B","C","HEAN",10,10,"",0,2020-06-08 UTC--2020-06-23 UTC,15,0,0
"498",5,2020-06-08,2020-06-23,17,"B","C","CAAN",10,7,"",3,2020-06-08 UTC--2020-06-23 UTC,15,0.2,0.3
"499",5,2020-06-08,2020-06-23,17,"C","A","SIAL",10,9,"",1,2020-06-08 UTC--2020-06-23 UTC,15,0.0666666666666667,0.1
"500",5,2020-06-08,2020-06-23,17,"C","A","HEAN",10,10,"",0,2020-06-08 UTC--2020-06-23 UTC,15,0,0
"501",5,2020-06-08,2020-06-23,17,"C","A","CAAN",10,10,"",0,2020-06-08 UTC--2020-06-23 UTC,15,0,0
"502",5,2020-06-08,2020-06-23,17,"C","B","SIAL",10,6,"",4,2020-06-08 UTC--2020-06-23 UTC,15,0.266666666666667,0.4
"503",5,2020-06-08,2020-06-23,17,"C","B","HEAN",10,10,"",0,2020-06-08 UTC--2020-06-23 UTC,15,0,0
"504",5,2020-06-08,2020-06-23,17,"C","B","CAAN",10,7,"",3,2020-06-08 UTC--2020-06-23 UTC,15,0.2,0.3
"505",5,2020-06-08,2020-06-23,17,"C","C","SIAL",10,10,"",0,2020-06-08 UTC--2020-06-23 UTC,15,0,0
"506",5,2020-06-08,2020-06-23,17,"C","C","HEAN",10,10,"",0,2020-06-08 UTC--2020-06-23 UTC,15,0,0
"507",5,2020-06-08,2020-06-23,17,"C","C","CAAN",10,8,"",2,2020-06-08 UTC--2020-06-23 UTC,15,0.133333333333333,0.2
"508",6,2020-07-05,2020-07-26,1,"B","A","SIAL",10,0,"",10,2020-07-05 UTC--2020-07-26 UTC,21,0.476190476190476,1
"509",6,2020-07-05,2020-07-26,1,"B","A","HEAN",10,1,"",9,2020-07-05 UTC--2020-07-26 UTC,21,0.428571428571429,0.9
"510",6,2020-07-05,2020-07-26,1,"B","A","CAAN",10,0,"",10,2020-07-05 UTC--2020-07-26 UTC,21,0.476190476190476,1
"511",6,2020-07-05,2020-07-26,1,"B","B","SIAL",10,5,"",5,2020-07-05 UTC--2020-07-26 UTC,21,0.238095238095238,0.5
"512",6,2020-07-05,2020-07-26,1,"B","B","HEAN",10,8,"",2,2020-07-05 UTC--2020-07-26 UTC,21,0.0952380952380952,0.2
"513",6,2020-07-05,2020-07-26,1,"B","B","CAAN",10,2,"",8,2020-07-05 UTC--2020-07-26 UTC,21,0.380952380952381,0.8
"514",6,2020-07-05,2020-07-26,1,"B","C","SIAL",10,0,"",10,2020-07-05 UTC--2020-07-26 UTC,21,0.476190476190476,1
"515",6,2020-07-05,2020-07-26,1,"B","C","HEAN",10,0,"",10,2020-07-05 UTC--2020-07-26 UTC,21,0.476190476190476,1
"516",6,2020-07-05,2020-07-26,1,"B","C","CAAN",10,0,"",10,2020-07-05 UTC--2020-07-26 UTC,21,0.476190476190476,1
"517",6,2020-07-05,2020-07-26,1,"C","A","SIAL",9,7,"",2,2020-07-05 UTC--2020-07-26 UTC,21,0.0952380952380952,0.222222222222222
"518",6,2020-07-05,2020-07-26,1,"C","A","HEAN",10,9,"",1,2020-07-05 UTC--2020-07-26 UTC,21,0.0476190476190476,0.1
"519",6,2020-07-05,2020-07-26,1,"C","A","CAAN",10,9,"",1,2020-07-05 UTC--2020-07-26 UTC,21,0.0476190476190476,0.1
"520",6,2020-07-05,2020-07-26,1,"C","B","SIAL",10,3,"",7,2020-07-05 UTC--2020-07-26 UTC,21,0.333333333333333,0.7
"521",6,2020-07-05,2020-07-26,1,"C","B","HEAN",10,6,"",4,2020-07-05 UTC--2020-07-26 UTC,21,0.19047619047619,0.4
"522",6,2020-07-05,2020-07-26,1,"C","B","CAAN",10,8,"",2,2020-07-05 UTC--2020-07-26 UTC,21,0.0952380952380952,0.2
"523",6,2020-07-05,2020-07-26,1,"C","C","SIAL",10,1,"",9,2020-07-05 UTC--2020-07-26 UTC,21,0.428571428571429,0.9
"524",6,2020-07-05,2020-07-26,1,"C","C","HEAN",10,0,"",10,2020-07-05 UTC--2020-07-26 UTC,21,0.476190476190476,1
"525",6,2020-07-05,2020-07-26,1,"C","C","CAAN",10,0,"",10,2020-07-05 UTC--2020-07-26 UTC,21,0.476190476190476,1
"526",6,2020-07-07,2020-07-25,4,"B","A","SIAL",10,2,"",8,2020-07-07 UTC--2020-07-25 UTC,18,0.444444444444444,0.8
"527",6,2020-07-07,2020-07-25,4,"B","A","HEAN",10,0,"",10,2020-07-07 UTC--2020-07-25 UTC,18,0.555555555555556,1
"528",6,2020-07-07,2020-07-25,4,"B","A","CAAN",10,1,"",9,2020-07-07 UTC--2020-07-25 UTC,18,0.5,0.9
"529",6,2020-07-07,2020-07-25,4,"B","B","SIAL",10,7,"",3,2020-07-07 UTC--2020-07-25 UTC,18,0.166666666666667,0.3
"530",6,2020-07-07,2020-07-25,4,"B","B","HEAN",10,0,"",10,2020-07-07 UTC--2020-07-25 UTC,18,0.555555555555556,1
"531",6,2020-07-07,2020-07-25,4,"B","B","CAAN",10,6,"",4,2020-07-07 UTC--2020-07-25 UTC,18,0.222222222222222,0.4
"532",6,2020-07-07,2020-07-25,4,"B","C","SIAL",10,4,"",6,2020-07-07 UTC--2020-07-25 UTC,18,0.333333333333333,0.6
"533",6,2020-07-07,2020-07-25,4,"B","C","HEAN",10,1,"",9,2020-07-07 UTC--2020-07-25 UTC,18,0.5,0.9
"534",6,2020-07-07,2020-07-25,4,"B","C","CAAN",10,0,"",10,2020-07-07 UTC--2020-07-25 UTC,18,0.555555555555556,1
"535",6,2020-07-07,2020-07-25,4,"C","A","SIAL",10,5,"",5,2020-07-07 UTC--2020-07-25 UTC,18,0.277777777777778,0.5
"536",6,2020-07-07,2020-07-25,4,"C","A","HEAN",10,0,"",10,2020-07-07 UTC--2020-07-25 UTC,18,0.555555555555556,1
"537",6,2020-07-07,2020-07-25,4,"C","A","CAAN",10,1,"",9,2020-07-07 UTC--2020-07-25 UTC,18,0.5,0.9
"538",6,2020-07-07,2020-07-25,4,"C","B","SIAL",10,3,"",7,2020-07-07 UTC--2020-07-25 UTC,18,0.388888888888889,0.7
"539",6,2020-07-07,2020-07-25,4,"C","B","HEAN",10,0,"",10,2020-07-07 UTC--2020-07-25 UTC,18,0.555555555555556,1
"540",6,2020-07-07,2020-07-25,4,"C","B","CAAN",10,1,"",9,2020-07-07 UTC--2020-07-25 UTC,18,0.5,0.9
"541",6,2020-07-07,2020-07-25,4,"C","C","SIAL",10,8,"",2,2020-07-07 UTC--2020-07-25 UTC,18,0.111111111111111,0.2
"542",6,2020-07-07,2020-07-25,4,"C","C","HEAN",10,8,"",2,2020-07-07 UTC--2020-07-25 UTC,18,0.111111111111111,0.2
"543",6,2020-07-07,2020-07-25,4,"C","C","CAAN",10,10,"",0,2020-07-07 UTC--2020-07-25 UTC,18,0,0
"544",6,2020-07-07,2020-07-26,6,"B","A","SIAL",10,2,"",8,2020-07-07 UTC--2020-07-26 UTC,19,0.421052631578947,0.8
"545",6,2020-07-07,2020-07-26,6,"B","A","HEAN",10,5,"",5,2020-07-07 UTC--2020-07-26 UTC,19,0.263157894736842,0.5
"546",6,2020-07-07,2020-07-26,6,"B","A","CAAN",10,10,"",0,2020-07-07 UTC--2020-07-26 UTC,19,0,0
"547",6,2020-07-07,2020-07-26,6,"B","B","SIAL",10,2,"",8,2020-07-07 UTC--2020-07-26 UTC,19,0.421052631578947,0.8
"548",6,2020-07-07,2020-07-26,6,"B","B","HEAN",10,10,"",0,2020-07-07 UTC--2020-07-26 UTC,19,0,0
"549",6,2020-07-07,2020-07-26,6,"B","B","CAAN",10,10,"",0,2020-07-07 UTC--2020-07-26 UTC,19,0,0
"550",6,2020-07-07,2020-07-26,6,"B","C","SIAL",10,2,"",8,2020-07-07 UTC--2020-07-26 UTC,19,0.421052631578947,0.8
"551",6,2020-07-07,2020-07-26,6,"B","C","HEAN",10,9,"",1,2020-07-07 UTC--2020-07-26 UTC,19,0.0526315789473684,0.1
"552",6,2020-07-07,2020-07-26,6,"B","C","CAAN",10,10,"",0,2020-07-07 UTC--2020-07-26 UTC,19,0,0
"553",6,2020-07-07,2020-07-26,6,"C","A","SIAL",10,0,"",10,2020-07-07 UTC--2020-07-26 UTC,19,0.526315789473684,1
"554",6,2020-07-07,2020-07-26,6,"C","A","HEAN",10,0,"",10,2020-07-07 UTC--2020-07-26 UTC,19,0.526315789473684,1
"555",6,2020-07-07,2020-07-26,6,"C","A","CAAN",10,4,"",6,2020-07-07 UTC--2020-07-26 UTC,19,0.315789473684211,0.6
"556",6,2020-07-07,2020-07-26,6,"C","B","SIAL",10,1,"",9,2020-07-07 UTC--2020-07-26 UTC,19,0.473684210526316,0.9
"557",6,2020-07-07,2020-07-26,6,"C","B","HEAN",10,4,"",6,2020-07-07 UTC--2020-07-26 UTC,19,0.315789473684211,0.6
"558",6,2020-07-07,2020-07-26,6,"C","B","CAAN",10,1,"",9,2020-07-07 UTC--2020-07-26 UTC,19,0.473684210526316,0.9
"559",6,2020-07-07,2020-07-26,6,"C","C","SIAL",10,1,"",9,2020-07-07 UTC--2020-07-26 UTC,19,0.473684210526316,0.9
"560",6,2020-07-07,2020-07-26,6,"C","C","HEAN",10,9,"",1,2020-07-07 UTC--2020-07-26 UTC,19,0.0526315789473684,0.1
"561",6,2020-07-07,2020-07-26,6,"C","C","CAAN",10,5,"",5,2020-07-07 UTC--2020-07-26 UTC,19,0.263157894736842,0.5
"562",6,2020-07-05,2020-07-26,7,"B","A","SIAL",10,2,"",8,2020-07-05 UTC--2020-07-26 UTC,21,0.380952380952381,0.8
"563",6,2020-07-05,2020-07-26,7,"B","A","HEAN",10,4,"",6,2020-07-05 UTC--2020-07-26 UTC,21,0.285714285714286,0.6
"564",6,2020-07-05,2020-07-26,7,"B","A","CAAN",10,5,"",5,2020-07-05 UTC--2020-07-26 UTC,21,0.238095238095238,0.5
"565",6,2020-07-05,2020-07-26,7,"B","B","SIAL",10,1,"",9,2020-07-05 UTC--2020-07-26 UTC,21,0.428571428571429,0.9
"566",6,2020-07-05,2020-07-26,7,"B","B","HEAN",10,4,"",6,2020-07-05 UTC--2020-07-26 UTC,21,0.285714285714286,0.6
"567",6,2020-07-05,2020-07-26,7,"B","B","CAAN",10,5,"",5,2020-07-05 UTC--2020-07-26 UTC,21,0.238095238095238,0.5
"568",6,2020-07-05,2020-07-26,7,"B","C","SIAL",10,0,"",10,2020-07-05 UTC--2020-07-26 UTC,21,0.476190476190476,1
"569",6,2020-07-05,2020-07-26,7,"B","C","HEAN",10,7,"",3,2020-07-05 UTC--2020-07-26 UTC,21,0.142857142857143,0.3
"570",6,2020-07-05,2020-07-26,7,"B","C","CAAN",10,8,"",2,2020-07-05 UTC--2020-07-26 UTC,21,0.0952380952380952,0.2
"571",6,2020-07-05,2020-07-26,7,"C","A","SIAL",10,3,"",7,2020-07-05 UTC--2020-07-26 UTC,21,0.333333333333333,0.7
"572",6,2020-07-05,2020-07-26,7,"C","A","HEAN",10,6,"",4,2020-07-05 UTC--2020-07-26 UTC,21,0.19047619047619,0.4
"573",6,2020-07-05,2020-07-26,7,"C","A","CAAN",10,9,"",1,2020-07-05 UTC--2020-07-26 UTC,21,0.0476190476190476,0.1
"574",6,2020-07-05,2020-07-26,7,"C","B","SIAL",10,5,"",5,2020-07-05 UTC--2020-07-26 UTC,21,0.238095238095238,0.5
"575",6,2020-07-05,2020-07-26,7,"C","B","HEAN",10,9,"",1,2020-07-05 UTC--2020-07-26 UTC,21,0.0476190476190476,0.1
"576",6,2020-07-05,2020-07-26,7,"C","B","CAAN",10,8,"",2,2020-07-05 UTC--2020-07-26 UTC,21,0.0952380952380952,0.2
"577",6,2020-07-05,2020-07-26,7,"C","C","SIAL",10,0,"",10,2020-07-05 UTC--2020-07-26 UTC,21,0.476190476190476,1
"578",6,2020-07-05,2020-07-26,7,"C","C","HEAN",10,4,"",6,2020-07-05 UTC--2020-07-26 UTC,21,0.285714285714286,0.6
"579",6,2020-07-05,2020-07-26,7,"C","C","CAAN",10,4,"",6,2020-07-05 UTC--2020-07-26 UTC,21,0.285714285714286,0.6
"580",6,2020-07-05,2020-07-24,8,"B","A","SIAL",10,9,"",1,2020-07-05 UTC--2020-07-24 UTC,19,0.0526315789473684,0.1
"581",6,2020-07-05,2020-07-24,8,"B","A","HEAN",10,10,"",0,2020-07-05 UTC--2020-07-24 UTC,19,0,0
"582",6,2020-07-05,2020-07-24,8,"B","A","CAAN",10,10,"",0,2020-07-05 UTC--2020-07-24 UTC,19,0,0
"583",6,2020-07-05,2020-07-24,8,"B","B","SIAL",10,0,"",10,2020-07-05 UTC--2020-07-24 UTC,19,0.526315789473684,1
"584",6,2020-07-05,2020-07-24,8,"B","B","HEAN",10,2,"",8,2020-07-05 UTC--2020-07-24 UTC,19,0.421052631578947,0.8
"585",6,2020-07-05,2020-07-24,8,"B","B","CAAN",10,3,"",7,2020-07-05 UTC--2020-07-24 UTC,19,0.368421052631579,0.7
"586",6,2020-07-05,2020-07-24,8,"B","C","SIAL",10,0,"",10,2020-07-05 UTC--2020-07-24 UTC,19,0.526315789473684,1
"587",6,2020-07-05,2020-07-24,8,"B","C","HEAN",10,6,"",4,2020-07-05 UTC--2020-07-24 UTC,19,0.210526315789474,0.4
"588",6,2020-07-05,2020-07-24,8,"B","C","CAAN",10,9,"",1,2020-07-05 UTC--2020-07-24 UTC,19,0.0526315789473684,0.1
"589",6,2020-07-05,2020-07-24,8,"C","A","SIAL",10,4,"",6,2020-07-05 UTC--2020-07-24 UTC,19,0.315789473684211,0.6
"590",6,2020-07-05,2020-07-24,8,"C","A","HEAN",10,9,"",1,2020-07-05 UTC--2020-07-24 UTC,19,0.0526315789473684,0.1
"591",6,2020-07-05,2020-07-24,8,"C","A","CAAN",10,10,"",0,2020-07-05 UTC--2020-07-24 UTC,19,0,0
"592",6,2020-07-05,2020-07-24,8,"C","B","SIAL",10,1,"",9,2020-07-05 UTC--2020-07-24 UTC,19,0.473684210526316,0.9
"593",6,2020-07-05,2020-07-24,8,"C","B","HEAN",10,9,"",1,2020-07-05 UTC--2020-07-24 UTC,19,0.0526315789473684,0.1
"594",6,2020-07-05,2020-07-24,8,"C","B","CAAN",10,10,"",0,2020-07-05 UTC--2020-07-24 UTC,19,0,0
"595",6,2020-07-05,2020-07-24,8,"C","C","SIAL",10,1,"",9,2020-07-05 UTC--2020-07-24 UTC,19,0.473684210526316,0.9
"596",6,2020-07-05,2020-07-24,8,"C","C","HEAN",10,5,"",5,2020-07-05 UTC--2020-07-24 UTC,19,0.263157894736842,0.5
"597",6,2020-07-05,2020-07-24,8,"C","C","CAAN",10,5,"",5,2020-07-05 UTC--2020-07-24 UTC,19,0.263157894736842,0.5
"598",6,2020-07-07,2020-07-25,16,"B","A","SIAL",10,8,"",2,2020-07-07 UTC--2020-07-25 UTC,18,0.111111111111111,0.2
"599",6,2020-07-07,2020-07-25,16,"B","A","HEAN",10,9,"",1,2020-07-07 UTC--2020-07-25 UTC,18,0.0555555555555556,0.1
"600",6,2020-07-07,2020-07-25,16,"B","A","CAAN",10,7,"",3,2020-07-07 UTC--2020-07-25 UTC,18,0.166666666666667,0.3
"601",6,2020-07-07,2020-07-25,16,"B","B","SIAL",10,7,"",3,2020-07-07 UTC--2020-07-25 UTC,18,0.166666666666667,0.3
"602",6,2020-07-07,2020-07-25,16,"B","B","HEAN",10,8,"",2,2020-07-07 UTC--2020-07-25 UTC,18,0.111111111111111,0.2
"603",6,2020-07-07,2020-07-25,16,"B","B","CAAN",10,8,"",2,2020-07-07 UTC--2020-07-25 UTC,18,0.111111111111111,0.2
"604",6,2020-07-07,2020-07-25,16,"B","C","SIAL",10,8,"",2,2020-07-07 UTC--2020-07-25 UTC,18,0.111111111111111,0.2
"605",6,2020-07-07,2020-07-25,16,"B","C","HEAN",10,6,"",4,2020-07-07 UTC--2020-07-25 UTC,18,0.222222222222222,0.4
"606",6,2020-07-07,2020-07-25,16,"B","C","CAAN",10,3,"",7,2020-07-07 UTC--2020-07-25 UTC,18,0.388888888888889,0.7
"607",6,2020-07-07,2020-07-25,16,"C","A","SIAL",10,5,"",5,2020-07-07 UTC--2020-07-25 UTC,18,0.277777777777778,0.5
"608",6,2020-07-07,2020-07-25,16,"C","A","HEAN",10,6,"",4,2020-07-07 UTC--2020-07-25 UTC,18,0.222222222222222,0.4
"609",6,2020-07-07,2020-07-25,16,"C","A","CAAN",10,1,"",9,2020-07-07 UTC--2020-07-25 UTC,18,0.5,0.9
"610",6,2020-07-07,2020-07-25,16,"C","B","SIAL",10,10,"",0,2020-07-07 UTC--2020-07-25 UTC,18,0,0
"611",6,2020-07-07,2020-07-25,16,"C","B","HEAN",10,10,"",0,2020-07-07 UTC--2020-07-25 UTC,18,0,0
"612",6,2020-07-07,2020-07-25,16,"C","B","CAAN",10,10,"",0,2020-07-07 UTC--2020-07-25 UTC,18,0,0
"613",6,2020-07-07,2020-07-25,16,"C","C","SIAL",10,5,"",5,2020-07-07 UTC--2020-07-25 UTC,18,0.277777777777778,0.5
"614",6,2020-07-07,2020-07-25,16,"C","C","HEAN",10,6,"",4,2020-07-07 UTC--2020-07-25 UTC,18,0.222222222222222,0.4
"615",6,2020-07-07,2020-07-25,16,"C","C","CAAN",10,3,"",7,2020-07-07 UTC--2020-07-25 UTC,18,0.388888888888889,0.7
"616",6,2020-07-05,2020-07-26,17,"B","A","SIAL",10,0,"",10,2020-07-05 UTC--2020-07-26 UTC,21,0.476190476190476,1
"617",6,2020-07-05,2020-07-26,17,"B","A","HEAN",10,2,"",8,2020-07-05 UTC--2020-07-26 UTC,21,0.380952380952381,0.8
"618",6,2020-07-05,2020-07-26,17,"B","A","CAAN",10,1,"",9,2020-07-05 UTC--2020-07-26 UTC,21,0.428571428571429,0.9
"619",6,2020-07-05,2020-07-26,17,"B","B","SIAL",10,3,"",7,2020-07-05 UTC--2020-07-26 UTC,21,0.333333333333333,0.7
"620",6,2020-07-05,2020-07-26,17,"B","B","HEAN",10,5,"",5,2020-07-05 UTC--2020-07-26 UTC,21,0.238095238095238,0.5
"621",6,2020-07-05,2020-07-26,17,"B","B","CAAN",10,0,"",10,2020-07-05 UTC--2020-07-26 UTC,21,0.476190476190476,1
"622",6,2020-07-05,2020-07-26,17,"B","C","SIAL",10,3,"",7,2020-07-05 UTC--2020-07-26 UTC,21,0.333333333333333,0.7
"623",6,2020-07-05,2020-07-26,17,"B","C","HEAN",10,7,"",3,2020-07-05 UTC--2020-07-26 UTC,21,0.142857142857143,0.3
"624",6,2020-07-05,2020-07-26,17,"B","C","CAAN",10,10,"",0,2020-07-05 UTC--2020-07-26 UTC,21,0,0
"625",6,2020-07-05,2020-07-26,17,"C","A","SIAL",10,1,"",9,2020-07-05 UTC--2020-07-26 UTC,21,0.428571428571429,0.9
"626",6,2020-07-05,2020-07-26,17,"C","A","HEAN",10,7,"",3,2020-07-05 UTC--2020-07-26 UTC,21,0.142857142857143,0.3
"627",6,2020-07-05,2020-07-26,17,"C","A","CAAN",10,6,"",4,2020-07-05 UTC--2020-07-26 UTC,21,0.19047619047619,0.4
"628",6,2020-07-05,2020-07-26,17,"C","B","SIAL",10,2,"",8,2020-07-05 UTC--2020-07-26 UTC,21,0.380952380952381,0.8
"629",6,2020-07-05,2020-07-26,17,"C","B","HEAN",10,6,"",4,2020-07-05 UTC--2020-07-26 UTC,21,0.19047619047619,0.4
"630",6,2020-07-05,2020-07-26,17,"C","B","CAAN",10,6,"",4,2020-07-05 UTC--2020-07-26 UTC,21,0.19047619047619,0.4
"631",6,2020-07-05,2020-07-26,17,"C","C","SIAL",10,0,"",10,2020-07-05 UTC--2020-07-26 UTC,21,0.476190476190476,1
"632",6,2020-07-05,2020-07-26,17,"C","C","HEAN",10,3,"",7,2020-07-05 UTC--2020-07-26 UTC,21,0.333333333333333,0.7
"633",6,2020-07-05,2020-07-26,17,"C","C","CAAN",10,0,"",10,2020-07-05 UTC--2020-07-26 UTC,21,0.476190476190476,1
